,,,,,,,Playing Time,Playing Time,Playing Time,Playing Time,Performance,Performance,Performance,Performance,Performance,Performance,Performance,Performance,Per 90 Minutes,Per 90 Minutes,Per 90 Minutes,Per 90 Minutes,Per 90 Minutes,,-additional
Rk,Player,Nation,Pos,Squad,Age,Born,MP,Starts,Min,90s,Gls,Ast,G+A,G-PK,PK,PKatt,CrdY,CrdR,Gls,Ast,G+A,G-PK,G+A-PK,Matches,-9999
1,Rolando Aarons,eng ENG,MF,Huddersfield,25,1995,1,0,9,0.1,0,0,0,0,0,0,0,0,0.00,0.00,0.00,0.00,0.00,Matches,c5942695
2,Kelvin Abrefa,eng ENG,DF,Reading,17,2003,3,0,38,0.4,0,0,0,0,0,0,0,0,0.00,0.00,0.00,0.00,0.00,Matches,ceabce33
3,Tosin Adarabioyo,eng ENG,DF,Fulham,23,1997,41,41,3684,40.9,2,2,4,2,0,0,3,1,0.05,0.05,0.10,0.05,0.10,Matches,c81d773d
4,Elijah Adebayo,eng ENG,FW,Luton Town,23,1998,40,38,3370,37.4,16,4,20,13,3,5,6,0,0.43,0.11,0.53,0.35,0.45,Matches,0480ebc7
5,Victor Adeboyejo,eng ENG,MFFW,Barnsley,23,1998,26,7,965,10.7,3,1,4,3,0,0,2,0,0.28,0.09,0.37,0.28,0.37,Matches,e3c24495
6,Albert Adomah,gh GHA,MF,QPR,33,1987,33,22,2205,24.5,2,3,5,2,0,0,3,0,0.08,0.12,0.20,0.08,0.20,Matches,c7174e81
7,Benik Afobe,cd COD,FWMF,Millwall,28,1993,38,34,3043,33.8,12,3,15,10,2,2,4,0,0.35,0.09,0.44,0.30,0.38,Matches,b63f4077
8,Osazee Aghatise,eng ENG,MF,Derby County,18,2002,3,0,6,0.1,0,0,0,0,0,0,0,0,0.00,0.00,0.00,0.00,0.00,Matches,fff20409
9,Semi Ajayi,ng NGA,DF,West Brom,27,1993,31,27,2476,27.5,1,2,3,1,0,0,3,0,0.04,0.07,0.11,0.04,0.11,Matches,d6192210
10,Chuba Akpom,eng ENG,FWMF,Middlesbrough,25,1995,1,0,20,0.2,0,0,0,0,0,0,0,0,0.00,0.00,0.00,0.00,0.00,Matches,e2b384d2
11,Jamie Allen,eng ENG,MF,Coventry City,26,1995,38,29,2623,29.1,1,2,3,1,0,0,1,0,0.03,0.07,0.10,0.03,0.10,Matches,2c183a79
12,Joe Allen,wls WAL,MF,Stoke City,31,1990,41,38,3478,38.6,0,1,1,0,0,0,7,1,0.00,0.03,0.03,0.00,0.03,Matches,9feb8f24
13,Ryan Allsop,eng ENG,GK,Derby County,29,1992,30,29,2624,29.2,0,0,0,0,0,0,3,0,0.00,0.00,0.00,0.00,0.00,Matches,af615123
14,Luke Amos,eng ENG,MF,QPR,24,1997,29,15,1348,15.0,6,0,6,6,0,0,4,0,0.40,0.00,0.40,0.40,0.40,Matches,77128f7e
15,Keshi Anderson,eng ENG,MF,Blackpool,26,1995,32,29,2614,29.0,4,4,8,4,0,0,6,0,0.14,0.14,0.28,0.14,0.28,Matches,864a3eba
16,Chuks Aneke,eng ENG,FW,Birmingham City,28,1993,18,1,395,4.4,2,0,2,2,0,0,1,0,0.46,0.00,0.46,0.46,0.46,Matches,c3afe72e
17,Frank Anguissa,cm CMR,MF,Fulham,25,1995,3,0,80,0.9,0,0,0,0,0,0,0,0,0.00,0.00,0.00,0.00,0.00,Matches,6bb2c084
18,Faustino Anjorin,eng ENG,MF,Huddersfield,19,2001,7,0,140,1.6,1,0,1,0,1,1,0,0,0.64,0.00,0.64,0.00,0.00,Matches,b105919e
19,Jaidon Anthony,eng ENG,FWMF,Bournemouth,21,1999,45,38,3251,36.1,8,6,14,8,0,0,3,0,0.22,0.17,0.39,0.22,0.39,Matches,e4238fb1
20,Felipe Araruna,br BRA,MF,Reading,25,1996,1,0,45,0.5,0,0,0,0,0,0,0,0,0.00,0.00,0.00,0.00,0.00,Matches,d6b94d77
21,Cameron Archer,eng ENG,FW,Preston,20,2001,20,18,1619,18.0,7,1,8,7,0,0,1,0,0.39,0.06,0.44,0.39,0.44,Matches,05e8ca6d
22,Tyrell Ashcroft,eng ENG,MFDF,Reading,17,2004,4,4,303,3.4,0,0,0,0,0,0,0,0,0.00,0.00,0.00,0.00,0.00,Matches,c7675488
23,Zachary Ashworth,wls WAL,DFMF,West Brom,18,2002,2,0,69,0.8,0,0,0,0,0,0,1,0,0.00,0.00,0.00,0.00,0.00,Matches,d813936f
24,Robert Atkinson,eng ENG,DF,Bristol City,23,1998,34,29,2664,29.6,2,1,3,2,0,0,4,0,0.07,0.03,0.10,0.07,0.10,Matches,181df6a4
25,Charlie Austin,eng ENG,FW,QPR,32,1989,34,15,1562,17.4,5,1,6,4,1,2,4,0,0.29,0.06,0.35,0.23,0.29,Matches,8d228291
26,Daniel Ayala,es ESP,DF,Blackburn,30,1990,21,16,1445,16.1,2,0,2,2,0,0,3,0,0.12,0.00,0.12,0.12,0.12,Matches,302560a0
27,Femi Azeez,ng NGA,MFFW,Reading,20,2001,13,5,557,6.2,2,0,2,2,0,0,0,0,0.32,0.00,0.32,0.32,0.32,Matches,2d590087
28,Fin Back,eng ENG,MFDF,Nottingham,18,2002,3,2,254,2.8,0,0,0,0,0,0,0,0,0.00,0.00,0.00,0.00,0.00,Matches,328ad94f
29,Juninho Bacuna,cw CUW,MFFW,Birmingham City,23,1997,17,16,1304,14.5,2,3,5,2,0,0,4,0,0.14,0.21,0.35,0.14,0.35,Matches,aaf1bf05
30,Leandro Bacuna,cw CUW,MFFW,Cardiff City,29,1991,15,13,1022,11.4,1,0,1,1,0,0,4,1,0.09,0.00,0.09,0.09,0.09,Matches,9dc69d38
31,Joel Bagan,ie IRL,DFMF,Cardiff City,21,2000,26,22,2053,22.8,3,2,5,3,0,0,5,0,0.13,0.09,0.22,0.13,0.22,Matches,e9da32cb
32,Lewis Baker,eng ENG,MF,Stoke City,26,1995,21,20,1798,20.0,8,2,10,5,3,3,1,0,0.40,0.10,0.50,0.25,0.35,Matches,1b278bf5
33,Nathan Baker,eng ENG,DF,Bristol City,30,1991,15,13,1003,11.1,1,0,1,1,0,0,1,0,0.09,0.00,0.09,0.09,0.09,Matches,b18af9e3
34,Tyreeq Bakinson,eng ENG,MF,Bristol City,22,1998,13,10,854,9.5,1,0,1,1,0,0,3,0,0.11,0.00,0.11,0.11,0.11,Matches,f918369c
35,George Baldock,gr GRE,MFDF,Sheffield United,28,1993,25,24,2037,22.6,1,2,3,1,0,0,6,0,0.04,0.09,0.13,0.04,0.13,Matches,394854c4
36,Sam Baldock,eng ENG,FW,Derby County,32,1989,13,12,799,8.9,2,0,2,2,0,0,0,0,0.23,0.00,0.23,0.23,0.23,Matches,9d597f08
37,Dominic Ball,eng ENG,MF,QPR,25,1995,20,13,1215,13.5,0,1,1,0,0,0,4,0,0.00,0.07,0.07,0.00,0.07,Matches,79d61875
38,Daniel Ballard,nir NIR,DF,Millwall,21,1999,31,30,2636,29.3,1,0,1,1,0,0,6,0,0.03,0.00,0.03,0.03,0.03,Matches,38f300f3
39,Folarin Balogun,us USA,FW,Middlesbrough,20,2001,18,9,891,9.9,3,3,6,3,0,0,0,0,0.30,0.30,0.61,0.30,0.61,Matches,31822f8c
40,Sol Bamba,ci CIV,DF,Middlesbrough,36,1985,24,18,1664,18.5,0,1,1,0,0,0,4,0,0.00,0.05,0.05,0.00,0.05,Matches,5534217d
41,Yoann Barbet,fr FRA,DF,QPR,28,1993,41,41,3690,41.0,2,1,3,2,0,0,5,0,0.05,0.02,0.07,0.05,0.07,Matches,c52bbd2c
42,Brandon Barker,eng ENG,FWMF,Reading,24,1996,4,0,27,0.3,0,0,0,0,0,0,0,0,0.00,0.00,0.00,0.00,0.00,Matches,3098c0df
43,Tom Barkhuizen,eng ENG,MFFW,Preston,28,1993,13,10,788,8.8,0,2,2,0,0,0,2,0,0.00,0.23,0.23,0.00,0.23,Matches,9cf7496b
44,Kyle Bartley,eng ENG,DF,West Brom,30,1991,39,38,3439,38.2,2,1,3,2,0,0,7,0,0.05,0.03,0.08,0.05,0.08,Matches,18e96f64
45,Chris Basham,eng ENG,DF,Sheffield United,33,1988,28,24,2202,24.5,0,1,1,0,0,0,1,0,0.00,0.04,0.04,0.00,0.04,Matches,1aa84968
46,Amine Bassi,fr FRA,MFFW,Barnsley,23,1997,15,14,1199,13.3,2,5,7,2,0,0,0,0,0.15,0.38,0.53,0.15,0.53,Matches,ced1d98f
47,Danny Batth,eng ENG,DF,Stoke City,30,1990,11,10,913,10.1,0,0,0,0,0,0,3,0,0.00,0.00,0.00,0.00,0.00,Matches,f1d0fa63
48,Patrick Bauer,de GER,DF,Preston,28,1992,34,34,2858,31.8,3,0,3,3,0,0,5,0,0.09,0.00,0.09,0.09,0.09,Matches,1bd6bc77
49,Nathan Baxter,eng ENG,GK,Hull City,22,1998,16,16,1440,16.0,0,0,0,0,0,0,2,0,0.00,0.00,0.00,0.00,0.00,Matches,5cfbc814
50,Jake Beesley,eng ENG,FW,Blackpool,24,1996,6,4,344,3.8,2,1,3,2,0,0,0,0,0.52,0.26,0.78,0.52,0.78,Matches,71df6e0e
51,Mark Beevers,eng ENG,DF,Peterborough,31,1989,14,14,1152,12.8,0,0,0,0,0,0,3,0,0.00,0.00,0.00,0.00,0.00,Matches,30bea884
52,Jérémie Bela,ao ANG,MFDF,Birmingham City,28,1993,31,26,2300,25.6,2,4,6,2,0,0,3,0,0.08,0.16,0.23,0.08,0.23,Matches,5680bf3f
53,Amari'i Bell,jm JAM,MFDF,Luton Town,27,1994,41,40,3580,39.8,1,2,3,1,0,0,3,0,0.03,0.05,0.08,0.03,0.08,Matches,399e9474
54,Sam Bell,eng ENG,DFMF,Bristol City,19,2002,5,3,241,2.7,0,0,0,0,0,0,1,0,0.00,0.00,0.00,0.00,0.00,Matches,a95abffc
55,Jobe Bellingham,eng ENG,MF,Birmingham City,15,2005,2,0,40,0.4,0,0,0,0,0,0,0,0,0.00,0.00,0.00,0.00,0.00,Matches,c88ff68d
56,Ayman Benarous,eng ENG,MF,Bristol City,18,2003,11,7,604,6.7,0,0,0,0,0,0,1,0,0.00,0.00,0.00,0.00,0.00,Matches,f60f6746
57,Steven Benda,de GER,GK,Peterborough,22,1998,9,9,810,9.0,0,0,0,0,0,0,0,0,0.00,0.00,0.00,0.00,0.00,Matches,caaa7fab
58,Steven Benda,de GER,GK,Swansea City,22,1998,5,5,450,5.0,0,0,0,0,0,0,1,0,0.00,0.00,0.00,0.00,0.00,Matches,caaa7fab
59,Mason Bennett,eng ENG,FWMF,Millwall,25,1996,29,16,1383,15.4,3,0,3,3,0,0,5,0,0.20,0.00,0.20,0.20,0.20,Matches,aba031ad
60,Ryan Bennett,eng ENG,DF,Swansea City,31,1990,18,16,1437,16.0,0,0,0,0,0,0,6,1,0.00,0.00,0.00,0.00,0.00,Matches,0bad4516
61,Josh Benson,eng ENG,MF,Barnsley,21,1999,25,14,1362,15.1,0,1,1,0,0,0,5,0,0.00,0.07,0.07,0.00,0.07,Matches,bf3aeb61
62,Daniel Bentley,eng ENG,GK,Bristol City,28,1993,38,37,3358,37.3,0,0,0,0,0,0,3,0,0.00,0.00,0.00,0.00,0.00,Matches,68db6358
63,Sander Berge,no NOR,MF,Sheffield United,23,1998,31,22,2082,23.1,5,3,8,5,0,0,2,0,0.22,0.13,0.35,0.22,0.35,Matches,d0b6129f
64,Di'Shon Bernard,jm JAM,DF,Hull City,20,2000,26,24,2143,23.8,0,0,0,0,0,0,8,0,0.00,0.00,0.00,0.00,0.00,Matches,c21da05c
65,Luke Berry,eng ENG,MF,Luton Town,29,1992,13,10,709,7.9,6,2,8,6,0,0,2,0,0.76,0.25,1.02,0.76,1.02,Matches,2aaadf33
66,Bartosz Białkowski,pl POL,GK,Millwall,34,1987,46,46,4140,46.0,0,0,0,0,0,0,1,0,0.00,0.00,0.00,0.00,0.00,Matches,4b5e809f
67,Jake Bidwell,eng ENG,MFDF,Coventry City,28,1993,16,13,1138,12.6,0,0,0,0,0,0,4,0,0.00,0.00,0.00,0.00,0.00,Matches,676b6c9b
68,Jake Bidwell,eng ENG,MF,Swansea City,28,1993,16,16,1361,15.1,2,1,3,2,0,0,2,0,0.13,0.07,0.20,0.13,0.20,Matches,676b6c9b
69,Krystian Bielik,pl POL,MF,Derby County,23,1998,15,12,1003,11.1,1,0,1,1,0,0,1,0,0.09,0.00,0.09,0.09,0.09,Matches,8e0ec853
70,Philip Billing,dk DEN,MF,Bournemouth,25,1996,40,37,3304,36.7,10,10,20,10,0,0,13,0,0.27,0.27,0.54,0.27,0.54,Matches,d328a254
71,Max Bird,eng ENG,MF,Derby County,20,2000,42,41,3614,40.2,2,2,4,2,0,0,2,1,0.05,0.05,0.10,0.05,0.10,Matches,46d27ca0
72,Jamal Blackman,eng ENG,GK,Huddersfield,27,1993,1,1,90,1.0,0,0,0,0,0,0,0,0,0.00,0.00,0.00,0.00,0.00,Matches,dd26b605
73,Jayden Bogle,eng ENG,MFDF,Sheffield United,21,2000,18,16,1468,16.3,3,1,4,3,0,0,5,0,0.18,0.06,0.25,0.18,0.25,Matches,ae5019e6
74,Marc Bola,eng ENG,MFDF,Middlesbrough,23,1997,23,19,1761,19.6,1,1,2,1,0,0,4,0,0.05,0.05,0.10,0.05,0.10,Matches,3986000d
75,Gaëtan Bong,cm CMR,DFMF,Nottingham,33,1988,7,4,444,4.9,0,1,1,0,0,0,0,0,0.00,0.20,0.20,0.00,0.20,Matches,cfd5e123
76,Jack Bonham,ie IRL,GK,Stoke City,27,1993,15,15,1350,15.0,0,0,0,0,0,0,0,0,0.00,0.00,0.00,0.00,0.00,Matches,3539472e
77,Sam Bowen,wls WAL,MF,Cardiff City,20,2001,4,3,244,2.7,0,0,0,0,0,0,0,0,0.00,0.00,0.00,0.00,0.00,Matches,e4209f59
78,Josh Bowler,eng ENG,MF,Blackpool,22,1999,42,30,2824,31.4,7,3,10,7,0,0,6,0,0.22,0.10,0.32,0.22,0.32,Matches,ea39a081
79,Caolan Boyd-Munce,nir NIR,MF,Middlesbrough,21,2000,1,0,22,0.2,0,0,0,0,0,0,0,0,0.00,0.00,0.00,0.00,0.00,Matches,fe54985b
80,Sonny Bradley,eng ENG,DF,Luton Town,29,1991,22,20,1770,19.7,2,0,2,2,0,0,4,1,0.10,0.00,0.10,0.10,0.10,Matches,94ffccb3
81,Tom Bradshaw,wls WAL,FWMF,Millwall,29,1992,24,16,1346,15.0,9,1,10,9,0,0,2,0,0.60,0.07,0.67,0.60,0.67,Matches,a9d071f8
82,Robbie Brady,ie IRL,MFDF,Bournemouth,29,1992,6,2,194,2.2,0,0,0,0,0,0,0,0,0.00,0.00,0.00,0.00,0.00,Matches,96bb8cc2
83,James Bree,eng ENG,MFDF,Luton Town,23,1997,42,42,3730,41.4,1,6,7,1,0,0,5,0,0.02,0.14,0.17,0.02,0.17,Matches,c07b7c5c
84,David Bremang,eng ENG,FW,Barnsley,21,2000,2,0,39,0.4,0,0,0,0,0,0,0,0,0.00,0.00,0.00,0.00,0.00,Matches,63c75e7e
85,Ben Brereton,cl CHI,FWMF,Blackburn,22,1999,37,34,3066,34.1,22,3,25,18,4,4,8,0,0.65,0.09,0.73,0.53,0.62,Matches,57827369
86,Rhian Brewster,eng ENG,FWMF,Sheffield United,21,2000,14,10,797,8.9,3,0,3,3,0,0,2,0,0.34,0.00,0.34,0.34,0.34,Matches,30e81a88
87,Ethan Bristow,kn SKN,MFDF,Reading,19,2001,6,6,495,5.5,0,1,1,0,0,0,2,0,0.00,0.18,0.18,0.00,0.18,Matches,cf90e253
88,Callum Brittain,eng ENG,MFDF,Barnsley,23,1998,36,34,3073,34.1,0,3,3,0,0,0,8,0,0.00,0.09,0.09,0.00,0.09,Matches,95869fab
89,David Brooks,wls WAL,FWMF,Bournemouth,24,1997,7,7,500,5.6,1,0,1,1,0,0,3,1,0.18,0.00,0.18,0.18,0.18,Matches,dc4cae05
90,Ciaron Brown,nir NIR,DFMF,Cardiff City,23,1998,5,5,421,4.7,0,0,0,0,0,0,0,0,0.00,0.00,0.00,0.00,0.00,Matches,57a2071c
91,Jacob Brown,sct SCO,FW,Stoke City,23,1998,45,38,3249,36.1,13,4,17,13,0,0,8,0,0.36,0.11,0.47,0.36,0.47,Matches,ca18c8f1
92,James Brown,ie IRL,DF,Blackburn,23,1998,1,1,90,1.0,0,0,0,0,0,0,0,0,0.00,0.00,0.00,0.00,0.00,Matches,e53336c4
93,Reece Brown,eng ENG,MF,Peterborough,25,1996,8,5,453,5.0,0,0,0,0,0,0,2,0,0.00,0.00,0.00,0.00,0.00,Matches,59dc2fe5
94,Alan Browne,ie IRL,MF,Preston,26,1995,39,35,3210,35.7,4,5,9,4,0,0,6,1,0.11,0.14,0.25,0.11,0.25,Matches,25dea15a
95,Joe Bryan,eng ENG,DF,Fulham,27,1993,15,13,1045,11.6,0,1,1,0,0,0,3,0,0.00,0.09,0.09,0.00,0.09,Matches,af69e7f0
96,Kean Bryan,eng ENG,DF,West Brom,24,1996,3,1,49,0.5,0,0,0,0,0,0,0,0,0.00,0.00,0.00,0.00,0.00,Matches,c684d3c9
97,Lee Buchanan,eng ENG,DF,Derby County,20,2001,30,24,2220,24.7,0,1,1,0,0,0,4,0,0.00,0.04,0.04,0.00,0.04,Matches,45e95f21
98,John Buckley,eng ENG,MFFW,Blackburn,21,1999,42,39,3133,34.8,3,7,10,3,0,0,13,0,0.09,0.20,0.29,0.09,0.29,Matches,b3ac41b5
99,Tyler Burey,eng ENG,FWMF,Millwall,19,2001,15,6,618,6.9,2,0,2,2,0,0,2,0,0.29,0.00,0.29,0.29,0.29,Matches,0daa8ef1
100,Oliver Burke,sct SCO,FWMF,Millwall,24,1997,14,10,806,9.0,2,1,3,2,0,0,0,0,0.22,0.11,0.33,0.22,0.33,Matches,f631c17f
101,Oliver Burke,sct SCO,MFFW,Sheffield United,24,1997,3,2,170,1.9,0,0,0,0,0,0,0,0,0.00,0.00,0.00,0.00,0.00,Matches,f631c17f
102,Reece Burke,eng ENG,DF,Luton Town,24,1996,27,25,2115,23.5,1,0,1,1,0,0,5,1,0.04,0.00,0.04,0.04,0.04,Matches,a681b7b7
103,Finley Burns,eng ENG,DF,Swansea City,18,2003,3,3,209,2.3,0,0,0,0,0,0,0,0,0.00,0.00,0.00,0.00,0.00,Matches,bebe4df1
104,Harrison Burrows,eng ENG,MFDF,Peterborough,19,2002,37,29,2614,29.0,3,7,10,3,0,0,4,0,0.10,0.24,0.34,0.10,0.34,Matches,316a084b
105,Josef Bursik,eng ENG,GK,Stoke City,21,2000,19,19,1710,19.0,0,0,0,0,0,0,1,0,0.00,0.00,0.00,0.00,0.00,Matches,16b6648e
106,Dan Butler,eng ENG,DFMF,Peterborough,26,1994,22,19,1664,18.5,0,1,1,0,0,0,6,0,0.00,0.05,0.05,0.00,0.05,Matches,84dd2a1f
107,Daniel Butterworth,eng ENG,FW,Blackburn,21,1999,11,1,260,2.9,0,0,0,0,0,0,1,0,0.00,0.00,0.00,0.00,0.00,Matches,5564eb4f
108,David Button,eng ENG,GK,West Brom,32,1989,10,10,900,10.0,0,1,1,0,0,0,0,0,0.00,0.10,0.10,0.00,0.10,Matches,e608ed4c
109,Nathan Byrne,eng ENG,DF,Derby County,29,1992,41,41,3663,40.7,0,2,2,0,0,0,13,1,0.00,0.05,0.05,0.00,0.05,Matches,c4041fbc
110,Ben Cabango,wls WAL,DF,Swansea City,21,2000,37,34,3073,34.1,1,1,2,1,0,0,7,0,0.03,0.03,0.06,0.03,0.06,Matches,70723cac
111,Rafael Cabral,br BRA,GK,Reading,31,1990,6,6,540,6.0,0,0,0,0,0,0,1,0,0.00,0.00,0.00,0.00,0.00,Matches,806f7a26
112,Cafú,pt POR,MF,Nottingham,28,1993,14,2,356,4.0,1,1,2,1,0,0,1,0,0.25,0.25,0.51,0.25,0.51,Matches,85322440
113,Gary Cahill,eng ENG,DF,Bournemouth,35,1985,22,21,1939,21.5,0,1,1,0,0,0,4,1,0.00,0.05,0.05,0.00,0.05,Matches,7914b9fe
114,Tom Cairney,sct SCO,MF,Fulham,30,1991,26,16,1547,17.2,3,4,7,3,0,0,2,0,0.17,0.23,0.41,0.17,0.41,Matches,a8748947
115,Mamadi Camará,gw GNB,FWMF,Reading,17,2003,6,0,151,1.7,0,0,0,0,0,0,0,0,0.00,0.00,0.00,0.00,0.00,Matches,cb8564f8
116,Allan Campbell,sct SCO,MF,Luton Town,23,1998,33,31,2583,28.7,4,2,6,4,0,0,8,0,0.14,0.07,0.21,0.14,0.21,Matches,858409be
117,Fraizer Campbell,eng ENG,FW,Huddersfield,33,1987,19,4,614,6.8,0,0,0,0,0,0,3,0,0.00,0.00,0.00,0.00,0.00,Matches,81d63375
118,Tyrese Campbell,eng ENG,FWMF,Stoke City,21,1999,26,10,1049,11.7,4,1,5,4,0,0,2,0,0.34,0.09,0.43,0.34,0.43,Matches,38aefb74
119,Andy Cannon,eng ENG,MF,Hull City,25,1996,10,4,440,4.9,1,0,1,1,0,0,1,0,0.20,0.00,0.20,0.20,0.20,Matches,5d7b6611
120,Todd Cantwell,eng ENG,MF,Bournemouth,23,1998,11,8,639,7.1,0,0,0,0,0,0,2,0,0.00,0.00,0.00,0.00,0.00,Matches,f63d8a4b
121,Sonny Carey,eng ENG,MFFW,Blackpool,20,2001,11,5,491,5.5,1,0,1,1,0,0,2,0,0.18,0.00,0.18,0.18,0.18,Matches,1db3715b
122,Juan Carlos Familia,do DOM,MF,Birmingham City,21,2000,3,1,84,0.9,0,0,0,0,0,0,1,0,0.00,0.00,0.00,0.00,0.00,Matches,c7ff30a3
123,Andy Carroll,eng ENG,FW,Reading,32,1989,8,6,592,6.6,2,1,3,2,0,0,0,0,0.30,0.15,0.46,0.30,0.46,Matches,b581987a
124,Andy Carroll,eng ENG,FW,West Brom,32,1989,15,11,1034,11.5,3,0,3,3,0,0,0,0,0.26,0.00,0.26,0.26,0.26,Matches,b581987a
125,Hayden Carter,eng ENG,DF,Blackburn,21,1999,9,5,584,6.5,0,0,0,0,0,0,3,1,0.00,0.00,0.00,0.00,0.00,Matches,40f85b8f
126,Harvey Cartwright,eng ENG,GK,Hull City,19,2002,2,1,114,1.3,0,0,0,0,0,0,0,0,0.00,0.00,0.00,0.00,0.00,Matches,42d4be51
127,Fabio Carvalho,pt POR,MF,Fulham,18,2002,36,33,2831,31.5,11,7,18,11,0,0,5,0,0.35,0.22,0.57,0.35,0.57,Matches,966e28d0
128,João Carvalho,pt POR,MF,Nottingham,24,1997,7,2,241,2.7,0,0,0,0,0,0,1,0,0.00,0.00,0.00,0.00,0.00,Matches,36b76751
129,Oliver Casey,eng ENG,DF,Blackpool,20,2000,6,3,350,3.9,1,0,1,1,0,0,0,0,0.26,0.00,0.26,0.26,0.26,Matches,2d82641c
130,Eiran Cashin,ie IRL,DF,Derby County,19,2001,18,14,1273,14.1,1,0,1,1,0,0,2,0,0.07,0.00,0.07,0.07,0.07,Matches,f557c3b8
131,Quevin Castro,pt POR,FW,West Brom,19,2001,2,0,37,0.4,0,0,0,0,0,0,0,0,0.00,0.00,0.00,0.00,0.00,Matches,a5ccd658
132,Ivan Cavaleiro,pt POR,MF,Fulham,27,1993,18,5,600,6.7,2,0,2,2,0,0,1,0,0.30,0.00,0.30,0.30,0.30,Matches,979b811d
133,Ilias Chair,ma MAR,MFFW,QPR,23,1997,39,37,3148,35.0,9,5,14,9,0,0,5,0,0.26,0.14,0.40,0.26,0.40,Matches,ad7873cb
134,Nathaniel Chalobah,eng ENG,MF,Fulham,26,1994,20,11,944,10.5,0,1,1,0,0,0,1,0,0.00,0.10,0.10,0.00,0.10,Matches,422862ea
135,Harry Chapman,eng ENG,FWMF,Blackburn,23,1997,3,0,47,0.5,0,0,0,0,0,0,0,0,0.00,0.00,0.00,0.00,0.00,Matches,7768b19f
136,James Chester,wls WAL,DF,Stoke City,32,1989,17,16,1432,15.9,0,2,2,0,0,0,1,0,0.00,0.13,0.13,0.00,0.13,Matches,a772eba6
137,Tahith Chong,cw CUW,FWMF,Birmingham City,21,1999,20,18,1555,17.3,1,2,3,1,0,0,2,0,0.06,0.12,0.17,0.06,0.17,Matches,2696b6a9
138,Cyrus Christie,ie IRL,MFDF,Swansea City,28,1992,23,23,2004,22.3,3,4,7,3,0,0,8,0,0.13,0.18,0.31,0.13,0.31,Matches,7eb67dad
139,Ryan Christie,sct SCO,FWMF,Bournemouth,26,1995,38,36,2997,33.3,3,8,11,3,0,0,6,0,0.09,0.24,0.33,0.09,0.33,Matches,26ce2263
140,Isaac Christie-Davies,wls WAL,MF,Barnsley,23,1997,2,1,84,0.9,0,0,0,0,0,0,0,0,0.00,0.00,0.00,0.00,0.00,Matches,aa62bd5a
141,Jordan Clark,eng ENG,MFFW,Luton Town,27,1993,25,19,1687,18.7,2,3,5,2,0,0,2,0,0.11,0.16,0.27,0.11,0.27,Matches,7c5fa6cf
142,Jahmari Clarke,jm JAM,FW,Reading,17,2003,12,0,174,1.9,2,0,2,2,0,0,1,0,1.03,0.00,1.03,1.03,1.03,Matches,ccb62b10
143,Matthew Clarke,eng ENG,DF,West Brom,24,1996,33,33,2743,30.5,1,0,1,1,0,0,5,0,0.03,0.00,0.03,0.03,0.03,Matches,8ea2227a
144,Jonson Clarke-Harris,jm JAM,FW,Peterborough,27,1994,41,32,2996,33.3,12,3,15,7,5,5,2,0,0.36,0.09,0.45,0.21,0.30,Matches,260af28b
145,Jake Clarke-Salter,eng ENG,DF,Coventry City,23,1997,29,27,2291,25.5,0,0,0,0,0,0,6,0,0.00,0.00,0.00,0.00,0.00,Matches,0df092d3
146,Leighton Clarkson,eng ENG,MF,Blackburn,19,2001,7,4,328,3.6,0,0,0,0,0,0,1,0,0.00,0.00,0.00,0.00,0.00,Matches,d5dafedb
147,Sam Clucas,eng ENG,MF,Stoke City,30,1990,25,16,1477,16.4,2,3,5,2,0,0,6,0,0.12,0.18,0.30,0.12,0.30,Matches,987718f5
148,Josh Coburn,eng ENG,FW,Middlesbrough,18,2002,18,3,481,5.3,4,0,4,4,0,0,2,0,0.75,0.00,0.75,0.75,0.75,Matches,cdb3f59c
149,Jack Colback,eng ENG,MFDF,Nottingham,31,1989,38,36,3109,34.5,3,1,4,3,0,0,12,1,0.09,0.03,0.12,0.09,0.12,Matches,963a9201
150,Devante Cole,eng ENG,FWMF,Barnsley,26,1995,24,8,879,9.8,1,1,2,1,0,0,0,0,0.10,0.10,0.20,0.10,0.20,Matches,5736378a
151,Maxime Colin,fr FRA,DFMF,Birmingham City,29,1991,33,31,2770,30.8,1,2,3,1,0,0,2,0,0.03,0.06,0.10,0.03,0.10,Matches,2f71c116
152,Bradley Collins,eng ENG,GK,Barnsley,24,1997,40,40,3533,39.3,0,0,0,0,0,0,4,0,0.00,0.00,0.00,0.00,0.00,Matches,f679abe1
153,James Collins,ie IRL,FWMF,Cardiff City,30,1990,26,13,1284,14.3,3,0,3,3,0,0,5,0,0.21,0.00,0.21,0.21,0.21,Matches,95471a13
154,Levi Colwill,eng ENG,DF,Huddersfield,18,2003,29,26,2423,26.9,2,1,3,2,0,0,5,0,0.07,0.04,0.11,0.07,0.11,Matches,700783e7
155,Rubin Colwill,wls WAL,MFFW,Cardiff City,19,2002,34,15,1668,18.5,5,1,6,5,0,0,1,0,0.27,0.05,0.32,0.27,0.32,Matches,f170b63e
156,Cameron Congreve,wls WAL,MF,Swansea City,17,2004,5,2,123,1.4,0,0,0,0,0,0,0,0,0.00,0.00,0.00,0.00,0.00,Matches,1a58621c
157,Aaron Connolly,ie IRL,FW,Middlesbrough,21,2000,19,13,1183,13.1,2,0,2,2,0,0,2,0,0.15,0.00,0.15,0.15,0.15,Matches,27c01749
158,Callum Connolly,eng ENG,DFMF,Blackpool,23,1997,31,25,2217,24.6,2,1,3,2,0,0,10,1,0.08,0.04,0.12,0.08,0.12,Matches,39ad0b72
159,Tommy Conway,sct SCO,FWMF,Bristol City,18,2002,4,0,29,0.3,0,1,1,0,0,0,0,0,0.00,3.10,3.10,0.00,3.10,Matches,746a92c5
160,Lewis Cook,eng ENG,MF,Bournemouth,24,1997,28,25,2173,24.1,1,2,3,1,0,0,5,0,0.04,0.08,0.12,0.04,0.12,Matches,2afc7272
161,Steve Cook,eng ENG,DFMF,Bournemouth,30,1991,3,3,245,2.7,0,0,0,0,0,0,1,0,0.00,0.00,0.00,0.00,0.00,Matches,3e5e4e63
162,Steve Cook,eng ENG,DF,Nottingham,30,1991,14,13,1158,12.9,0,0,0,0,0,0,0,0,0.00,0.00,0.00,0.00,0.00,Matches,3e5e4e63
163,Brandon Cooper,wls WAL,DF,Swansea City,21,2000,4,3,350,3.9,0,0,0,0,0,0,0,0,0.00,0.00,0.00,0.00,0.00,Matches,71e7f875
164,Jake Cooper,eng ENG,DF,Millwall,26,1995,42,41,3678,40.9,4,0,4,4,0,0,10,0,0.10,0.00,0.10,0.10,0.10,Matches,aa7dfc40
165,Murphy Cooper,eng ENG,GK,QPR,19,2001,2,2,180,2.0,0,0,0,0,0,0,0,0,0.00,0.00,0.00,0.00,0.00,Matches,c169b01f
166,Kai Corbett,eng ENG,FW,Peterborough,18,2002,1,1,58,0.6,0,0,0,0,0,0,0,0,0.00,0.00,0.00,0.00,0.00,Matches,f84199b8
167,David Cornell,wls WAL,GK,Peterborough,30,1991,30,30,2700,30.0,0,0,0,0,0,0,2,0,0.00,0.00,0.00,0.00,0.00,Matches,0c9aad01
168,Harry Cornick,eng ENG,FW,Luton Town,26,1995,38,30,2359,26.2,12,4,16,12,0,0,4,0,0.46,0.15,0.61,0.46,0.61,Matches,9169bc41
169,Hayden Coulson,eng ENG,DFMF,Peterborough,23,1998,6,5,364,4.0,0,0,0,0,0,0,3,1,0.00,0.00,0.00,0.00,0.00,Matches,de83e2e0
170,Conor Coventry,ie IRL,MF,Peterborough,21,2000,12,4,434,4.8,0,0,0,0,0,0,1,0,0.00,0.00,0.00,0.00,0.00,Matches,a5ca9127
171,Lewie Coyle,eng ENG,DFMF,Hull City,25,1995,23,21,1755,19.5,1,1,2,1,0,0,2,1,0.05,0.05,0.10,0.05,0.10,Matches,97aba136
172,Matt Crooks,eng ENG,MF,Middlesbrough,27,1994,40,40,3484,38.7,10,2,12,10,0,0,15,1,0.26,0.05,0.31,0.26,0.31,Matches,43f5d4e6
173,Liam Cullen,wls WAL,MFFW,Swansea City,22,1999,12,4,433,4.8,0,1,1,0,0,0,0,0,0.00,0.21,0.21,0.00,0.21,Matches,20b8cd02
174,Robbie Cundy,eng ENG,DF,Bristol City,24,1997,14,10,896,10.0,0,0,0,0,0,0,1,0,0.00,0.00,0.00,0.00,0.00,Matches,7d24aa01
175,Greg Cunningham,ie IRL,MFDF,Preston,30,1991,21,17,1357,15.1,0,1,1,0,0,0,4,0,0.00,0.07,0.07,0.00,0.07,Matches,dc10b26c
176,Bartosz Cybulski,pl POL,FW,Derby County,18,2002,4,1,72,0.8,0,0,0,0,0,0,0,0,0.00,0.00,0.00,0.00,0.00,Matches,24533540
177,Fankaty Dabo,eng ENG,MFDF,Coventry City,25,1995,29,26,2295,25.5,0,1,1,0,0,0,4,2,0.00,0.04,0.04,0.00,0.04,Matches,242dbdeb
178,Bradley Dack,eng ENG,FWMF,Blackburn,27,1993,9,0,289,3.2,1,1,2,1,0,1,0,0,0.31,0.31,0.62,0.31,0.62,Matches,542d4f02
179,Julien Dacosta,fr FRA,MF,Coventry City,25,1996,4,2,107,1.2,0,0,0,0,0,0,0,0,0.00,0.00,0.00,0.00,0.00,Matches,6564b5c1
180,Owen Dale,eng ENG,MF,Blackpool,22,1998,15,7,704,7.8,2,1,3,2,0,0,0,0,0.26,0.13,0.38,0.26,0.38,Matches,182b9864
181,Jake Daniels,eng ENG,MF,Blackpool,16,2005,1,0,10,0.1,0,0,0,0,0,0,0,0,0.00,0.00,0.00,0.00,0.00,Matches,8b6f4c3f
182,Luke Daniels,eng ENG,GK,Middlesbrough,33,1988,12,12,1080,12.0,0,0,0,0,0,0,1,0,0.00,0.00,0.00,0.00,0.00,Matches,87fce32b
183,Scott Dann,eng ENG,DF,Reading,34,1987,18,14,1221,13.6,2,1,3,2,0,0,0,0,0.15,0.07,0.22,0.15,0.22,Matches,52105203
184,Jay Dasilva,wls WAL,MFDF,Bristol City,23,1998,36,28,2648,29.4,1,4,5,1,0,0,3,0,0.03,0.14,0.17,0.03,0.17,Matches,2a158ded
185,Jacob Davenport,eng ENG,MF,Blackburn,22,1998,9,2,257,2.9,0,1,1,0,0,0,0,0,0.00,0.35,0.35,0.00,0.35,Matches,9ca82cdb
186,Adam Davies,wls WAL,GK,Stoke City,29,1992,12,12,1080,12.0,0,0,0,0,0,0,3,0,0.00,0.00,0.00,0.00,0.00,Matches,71894777
187,Ben Davies,eng ENG,DF,Sheffield United,25,1995,22,21,1887,21.0,1,0,1,1,0,0,3,0,0.05,0.00,0.05,0.05,0.05,Matches,c9009a1f
188,Curtis Davies,sl SLE,DF,Derby County,36,1985,46,46,4140,46.0,4,0,4,4,0,0,9,0,0.09,0.00,0.09,0.09,0.09,Matches,607fb965
189,Isaak Davies,wls WAL,FWMF,Cardiff City,19,2001,28,10,1200,13.3,2,3,5,2,0,0,1,0,0.15,0.23,0.37,0.15,0.37,Matches,8199addf
190,Keinan Davis,eng ENG,FW,Nottingham,23,1998,15,14,1061,11.8,5,2,7,5,0,0,5,0,0.42,0.17,0.59,0.42,0.59,Matches,9deaf2c8
191,Leif Davis,eng ENG,DFFW,Bournemouth,21,1999,12,7,574,6.4,0,1,1,0,0,0,0,0,0.00,0.16,0.16,0.00,0.16,Matches,8574c61f
192,Bobby De Cordova-Reid,jm JAM,MF,Fulham,28,1993,41,26,2524,28.0,8,8,16,8,0,0,4,0,0.29,0.29,0.57,0.29,0.57,Matches,0f7533cd
193,Harlee Dean,eng ENG,DF,Birmingham City,30,1991,15,14,1260,14.0,0,0,0,0,0,0,2,0,0.00,0.00,0.00,0.00,0.00,Matches,483bec75
194,Troy Deeney,eng ENG,FW,Birmingham City,33,1988,21,15,1304,14.5,4,3,7,3,1,1,0,0,0.28,0.21,0.48,0.21,0.41,Matches,82e34b69
195,Tom Dele-Bashiru,ng NGA,MF,Reading,21,1999,38,27,2442,27.1,4,2,6,4,0,0,2,0,0.15,0.07,0.22,0.15,0.22,Matches,0666f848
196,Siriki Dembélé,ci CIV,FWMF,Peterborough,24,1996,24,22,1908,21.2,5,1,6,5,0,0,1,0,0.24,0.05,0.28,0.24,0.28,Matches,11f54bd5
197,Siriki Dembélé,ci CIV,FWMF,Bournemouth,24,1996,13,4,527,5.9,2,1,3,2,0,0,0,0,0.34,0.17,0.51,0.34,0.51,Matches,11f54bd5
198,Sepp van den Berg,nl NED,DFMF,Preston,19,2001,45,43,3971,44.1,1,1,2,1,0,0,7,0,0.02,0.02,0.05,0.02,0.05,Matches,7bf9400b
199,Oliver Denham,wls WAL,DF,Cardiff City,19,2002,5,5,405,4.5,0,0,0,0,0,0,2,0,0.00,0.00,0.00,0.00,0.00,Matches,b056ce1c
200,Yan Dhanda,eng ENG,MF,Swansea City,22,1998,3,1,74,0.8,0,0,0,0,0,0,0,0,0.00,0.00,0.00,0.00,0.00,Matches,e2eb632a
201,Bambo Diaby,sn SEN,DF,Preston,23,1997,7,4,440,4.9,0,0,0,0,0,0,0,0,0.00,0.00,0.00,0.00,0.00,Matches,7fd1abc5
202,Grady Diangana,cd COD,MFFW,West Brom,23,1998,41,22,1915,21.3,2,1,3,2,0,0,2,0,0.09,0.05,0.14,0.09,0.14,Matches,f522d7ec
203,Robert Dickie,eng ENG,DF,QPR,25,1996,38,38,3420,38.0,3,1,4,3,0,0,12,0,0.08,0.03,0.11,0.08,0.11,Matches,c7dfc411
204,Seny Dieng,sn SEN,GK,QPR,26,1994,28,28,2475,27.5,0,0,0,0,0,0,2,0,0.00,0.00,0.00,0.00,0.00,Matches,c135cddd
205,Anfernee Dijksteel,sr SUR,DF,Middlesbrough,24,1996,34,34,2961,32.9,0,3,3,0,0,0,2,0,0.00,0.09,0.09,0.00,0.09,Matches,1ecc03bc
206,Daryl Dike,us USA,FW,West Brom,21,2000,2,1,84,0.9,0,0,0,0,0,0,0,0,0.00,0.00,0.00,0.00,0.00,Matches,d4cfc93c
207,Greg Docherty,sct SCO,MF,Hull City,24,1996,40,31,2845,31.6,0,1,1,0,0,0,6,0,0.00,0.03,0.03,0.00,0.03,Matches,d6d15aea
208,Tyrhys Dolan,eng ENG,FWMF,Blackburn,19,2001,34,20,1785,19.8,4,3,7,4,0,0,5,0,0.20,0.15,0.35,0.20,0.35,Matches,ce967905
209,Kenneth Dougall,au AUS,MF,Blackpool,28,1993,40,37,3350,37.2,1,5,6,1,0,0,4,0,0.03,0.13,0.16,0.03,0.16,Matches,ddbeed7f
210,Alfie Doughty,eng ENG,DFMF,Cardiff City,21,1999,9,7,473,5.3,1,0,1,1,0,0,1,0,0.19,0.00,0.19,0.19,0.19,Matches,bf33b257
211,Alfie Doughty,eng ENG,DFMF,Stoke City,21,1999,11,0,159,1.8,0,0,0,0,0,0,2,0,0.00,0.00,0.00,0.00,0.00,Matches,bf33b257
212,Flynn Downes,eng ENG,MFDF,Swansea City,22,1999,37,34,2871,31.9,1,2,3,1,0,0,12,1,0.03,0.06,0.09,0.03,0.09,Matches,69fdb896
213,Tommy Doyle,eng ENG,MF,Cardiff City,19,2001,19,17,1452,16.1,2,3,5,2,0,0,4,0,0.12,0.19,0.31,0.12,0.31,Matches,5526deb1
214,Andre Dozzell,eng ENG,MF,QPR,22,1999,27,18,1528,17.0,0,1,1,0,0,0,8,1,0.00,0.06,0.06,0.00,0.06,Matches,8f660142
215,Cody Drameh,eng ENG,DFMF,Cardiff City,19,2001,22,22,1922,21.4,0,3,3,0,0,0,3,0,0.00,0.14,0.14,0.00,0.14,Matches,e0d1510a
216,Danny Drinkwater,eng ENG,MF,Reading,31,1990,33,31,2816,31.3,1,1,2,1,0,0,8,0,0.03,0.03,0.06,0.03,0.06,Matches,2649ff32
217,Demeaco Duhaney,eng ENG,MF,Stoke City,22,1998,3,3,207,2.3,0,0,0,0,0,0,0,0,0.00,0.00,0.00,0.00,0.00,Matches,5ef608f7
218,Jimmy Dunne,ie IRL,DF,QPR,23,1997,38,34,3190,35.4,3,1,4,3,0,0,5,0,0.08,0.03,0.11,0.08,0.11,Matches,1fdfd6da
219,Lyndon Dykes,sct SCO,FW,QPR,25,1995,33,27,2410,26.8,8,3,11,8,0,0,1,0,0.30,0.11,0.41,0.30,0.41,Matches,cd92357a
220,Josh Earl,eng ENG,MF,Preston,22,1998,29,24,2152,23.9,1,1,2,1,0,0,3,0,0.04,0.04,0.08,0.04,0.08,Matches,a384ee83
221,Tom Eaves,eng ENG,FW,Hull City,29,1992,31,12,1258,14.0,5,3,8,5,0,0,5,1,0.36,0.21,0.57,0.36,0.57,Matches,377c465b
222,Malcolm Ebiowei,eng ENG,MF,Derby County,17,2003,16,11,952,10.6,1,2,3,1,0,0,2,0,0.09,0.19,0.28,0.09,0.28,Matches,fa9fa773
223,Festy Ebosele,ie IRL,MFDF,Derby County,18,2002,35,18,1829,20.3,2,1,3,2,0,0,4,0,0.10,0.05,0.15,0.10,0.15,Matches,dbfa4f16
224,Josh Eccles,eng ENG,MF,Coventry City,21,2000,5,3,235,2.6,0,0,0,0,0,0,0,0,0.00,0.00,0.00,0.00,0.00,Matches,9722d36c
225,Tayo Edun,eng ENG,MFDF,Blackburn,23,1998,20,13,1122,12.5,0,0,0,0,0,0,5,1,0.00,0.00,0.00,0.00,0.00,Matches,4ecc9246
226,Ronnie Edwards,eng ENG,DF,Peterborough,18,2003,34,31,2826,31.4,0,0,0,0,0,0,6,0,0.00,0.00,0.00,0.00,0.00,Matches,be90c4b0
227,John Egan,ie IRL,DF,Sheffield United,28,1992,46,46,4140,46.0,2,2,4,2,0,0,5,0,0.04,0.04,0.09,0.04,0.09,Matches,debe38a0
228,Carel Eiting,nl NED,MF,Huddersfield,23,1998,5,1,225,2.5,0,1,1,0,0,0,1,0,0.00,0.40,0.40,0.00,0.40,Matches,a1c5b23e
229,Ovie Ejaria,eng ENG,MF,Reading,23,1997,26,21,1942,21.6,2,0,2,2,0,0,1,0,0.09,0.00,0.09,0.09,0.09,Matches,a801669e
230,Marvin Ekpiteta,eng ENG,DF,Blackpool,25,1995,40,39,3536,39.3,5,1,6,5,0,0,2,0,0.13,0.03,0.15,0.13,0.15,Matches,9338c17e
231,Callum Elder,au AUS,DFMF,Hull City,26,1995,28,21,1959,21.8,0,1,1,0,0,0,2,0,0.00,0.05,0.05,0.00,0.05,Matches,6d53d427
232,Josh Emmanuel,eng ENG,DFMF,Hull City,23,1997,6,3,385,4.3,0,0,0,0,0,0,0,0,0.00,0.00,0.00,0.00,0.00,Matches,59160a19
233,Neil Etheridge,ph PHI,GK,Birmingham City,31,1990,21,21,1869,20.8,0,0,0,0,0,0,2,0,0.00,0.00,0.00,0.00,0.00,Matches,2642bf6c
234,Ched Evans,wls WAL,FW,Preston,32,1988,23,14,1335,14.8,2,2,4,2,0,0,6,0,0.13,0.13,0.27,0.13,0.27,Matches,bb770c52
235,George Evans,eng ENG,MF,Millwall,26,1994,23,12,1154,12.8,1,1,2,1,0,0,3,0,0.08,0.08,0.16,0.08,0.16,Matches,40302e12
236,Kieron Evans,wls WAL,MF,Cardiff City,19,2001,5,2,146,1.6,0,0,0,0,0,0,0,0,0.00,0.00,0.00,0.00,0.00,Matches,7ef03bf1
237,Tom Fellows,eng ENG,MF,West Brom,18,2003,4,1,99,1.1,0,0,0,0,0,0,0,0,0.00,0.00,0.00,0.00,0.00,Matches,2fa188f2
238,Emmanuel Fernandez,ng NGA,DF,Peterborough,19,2001,1,1,60,0.7,0,0,0,0,0,0,0,0,0.00,0.00,0.00,0.00,0.00,Matches,19f7d95c
239,Sam Field,eng ENG,MF,QPR,23,1998,29,26,2343,26.0,0,0,0,0,0,0,14,0,0.00,0.00,0.00,0.00,0.00,Matches,bd8a7d05
240,Tobias Figueiredo,pt POR,DF,Nottingham,27,1994,26,22,1896,21.1,0,0,0,0,0,0,6,0,0.00,0.00,0.00,0.00,0.00,Matches,352cabbc
241,Andy Fisher,eng ENG,GK,Swansea City,23,1998,20,20,1800,20.0,0,0,0,0,0,0,1,0,0.00,0.00,0.00,0.00,0.00,Matches,d0254cd8
242,John Fleck,sct SCO,MF,Sheffield United,29,1991,35,31,2654,29.5,1,2,3,1,0,0,10,0,0.03,0.07,0.10,0.03,0.10,Matches,b63e789d
243,Brandon Fleming,eng ENG,MFDF,Hull City,21,1999,16,15,1319,14.7,0,3,3,0,0,0,3,0,0.00,0.20,0.20,0.00,0.20,Matches,3708655f
244,Steven Fletcher,sct SCO,FW,Stoke City,34,1987,35,16,1502,16.7,3,0,3,3,0,0,3,0,0.18,0.00,0.18,0.18,0.18,Matches,2c9c3502
245,Aden Flint,eng ENG,DF,Cardiff City,32,1989,38,35,3270,36.3,6,2,8,6,0,0,8,1,0.17,0.06,0.22,0.17,0.22,Matches,952672e1
246,Wes Foderingham,eng ENG,GK,Sheffield United,30,1991,32,32,2880,32.0,0,0,0,0,0,0,1,0,0.00,0.00,0.00,0.00,0.00,Matches,96cf7b61
247,Tyrese Fornah,sl SLE,MF,Nottingham,21,1999,1,0,6,0.1,0,0,0,0,0,0,0,0,0.00,0.00,0.00,0.00,0.00,Matches,205f2e2a
248,William Forrester,eng ENG,DF,Stoke City,20,2001,3,3,207,2.3,0,0,0,0,0,0,0,0,0.00,0.00,0.00,0.00,0.00,Matches,d1c76d12
249,Marcus Forss,fi FIN,FW,Hull City,22,1999,11,5,490,5.4,1,1,2,1,0,0,1,0,0.18,0.18,0.37,0.18,0.37,Matches,82c215a0
250,Craig Forsyth,sct SCO,DF,Derby County,32,1989,26,23,1934,21.5,3,1,4,3,0,0,3,0,0.14,0.05,0.19,0.14,0.19,Matches,6f44cb44
251,Morgan Fox,wls WAL,DFMF,Stoke City,27,1993,10,9,699,7.8,0,0,0,0,0,0,1,1,0.00,0.00,0.00,0.00,0.00,Matches,008f854b
252,Tyrese Francois,au AUS,MF,Fulham,21,2000,2,1,87,1.0,0,0,0,0,0,0,0,0,0.00,0.00,0.00,0.00,0.00,Matches,6722d4f0
253,Luke Freeman,eng ENG,FWMF,Millwall,29,1992,1,0,14,0.2,0,0,0,0,0,0,0,0,0.00,0.00,0.00,0.00,0.00,Matches,636b64cd
254,Luke Freeman,eng ENG,MF,Sheffield United,29,1992,4,1,143,1.6,0,0,0,0,0,0,0,0,0.00,0.00,0.00,0.00,0.00,Matches,636b64cd
255,George Friend,eng ENG,DF,Birmingham City,33,1987,14,11,1021,11.3,0,0,0,0,0,0,1,0,0.00,0.00,0.00,0.00,0.00,Matches,4f97147d
256,Dominik Frieser,at AUT,FWMF,Barnsley,27,1993,14,12,921,10.2,2,0,2,2,0,0,1,0,0.20,0.00,0.20,0.20,0.20,Matches,59a7d912
257,Dael Fry,eng ENG,DF,Middlesbrough,23,1997,33,32,2814,31.3,1,2,3,1,0,0,3,0,0.03,0.06,0.10,0.03,0.10,Matches,43e79bbc
258,Jeando Fuchs,cm CMR,MF,Peterborough,23,1997,18,17,1368,15.2,0,1,1,0,0,0,2,0,0.00,0.07,0.07,0.00,0.07,Matches,1d7c48df
259,Jay Fulton,sct SCO,MF,Swansea City,27,1994,18,8,737,8.2,0,0,0,0,0,0,1,0,0.00,0.00,0.00,0.00,0.00,Matches,434ad289
260,Darnell Furlong,eng ENG,MFDF,West Brom,25,1995,41,38,3317,36.9,0,3,3,0,0,0,9,2,0.00,0.08,0.08,0.00,0.08,Matches,3ec9195b
261,Jordan Gabriel,eng ENG,DF,Nottingham,22,1998,4,4,359,4.0,0,0,0,0,0,0,2,1,0.00,0.00,0.00,0.00,0.00,Matches,5d3ec9c5
262,Jordan Gabriel,eng ENG,DF,Blackpool,22,1998,21,19,1636,18.2,0,1,1,0,0,0,5,1,0.00,0.06,0.06,0.00,0.06,Matches,5d3ec9c5
263,Sam Gallagher,eng ENG,FWMF,Blackburn,25,1995,37,28,2528,28.1,9,3,12,9,0,0,7,0,0.32,0.11,0.43,0.32,0.43,Matches,44361ade
264,Luke Garbutt,eng ENG,DF,Blackpool,28,1993,17,14,1369,15.2,0,0,0,0,0,0,4,0,0.00,0.00,0.00,0.00,0.00,Matches,41017ad5
265,Gary Gardner,eng ENG,MF,Birmingham City,29,1992,35,31,2765,30.7,6,0,6,6,0,0,9,2,0.20,0.00,0.20,0.20,0.20,Matches,d9d58641
266,Taylor Gardner-Hickman,eng ENG,MF,West Brom,19,2001,19,14,1356,15.1,0,0,0,0,0,0,2,0,0.00,0.00,0.00,0.00,0.00,Matches,f05ee68d
267,James Garner,eng ENG,MF,Nottingham,20,2001,41,36,3304,36.7,4,8,12,4,0,0,8,0,0.11,0.22,0.33,0.11,0.33,Matches,4e015693
268,Paulo Gazzaniga,ar ARG,GK,Fulham,29,1992,13,13,1170,13.0,0,0,0,0,0,0,1,0,0.00,0.00,0.00,0.00,0.00,Matches,63d17038
269,Morgan Gibbs-White,eng ENG,MFFW,Sheffield United,21,2000,35,33,2865,31.8,11,9,20,11,0,0,8,1,0.35,0.28,0.63,0.35,0.63,Matches,32f60ed8
270,Ryan Giles,eng ENG,MFFW,Cardiff City,21,2000,21,19,1764,19.6,0,9,9,0,0,0,2,0,0.00,0.46,0.46,0.00,0.46,Matches,73b1d65b
271,Ryan Giles,eng ENG,MFFW,Blackburn,21,2000,11,8,702,7.8,0,1,1,0,0,0,0,0,0.00,0.13,0.13,0.00,0.13,Matches,73b1d65b
272,Matthew Godden,eng ENG,FW,Coventry City,30,1991,24,17,1572,17.5,12,2,14,9,3,3,0,0,0.69,0.11,0.80,0.52,0.63,Matches,4e43f8c0
273,Claudio Gomes,fr FRA,MF,Barnsley,21,2000,31,28,2528,28.1,1,1,2,1,0,0,2,0,0.04,0.04,0.07,0.04,0.07,Matches,22f6ed2c
274,Charlie Goode,eng ENG,DF,Sheffield United,25,1995,2,1,87,1.0,0,0,0,0,0,0,0,1,0.00,0.00,0.00,0.00,0.00,Matches,7aee4dd3
275,Kyron Gordon,eng ENG,DF,Sheffield United,19,2002,5,4,345,3.8,0,0,0,0,0,0,1,0,0.00,0.00,0.00,0.00,0.00,Matches,f4aba1af
276,Nico Gordon,ms MSR,DF,Birmingham City,19,2002,11,11,975,10.8,1,0,1,1,0,0,2,0,0.09,0.00,0.09,0.09,0.09,Matches,882ce615
277,Lewis Grabban,eng ENG,FWMF,Nottingham,33,1988,32,23,2048,22.8,12,4,16,10,2,2,3,0,0.53,0.18,0.70,0.44,0.62,Matches,1a857282
278,Jordan Graham,eng ENG,MFDF,Birmingham City,26,1995,24,18,1592,17.7,0,3,3,0,0,0,1,0,0.00,0.17,0.17,0.00,0.17,Matches,79fa0adc
279,Jorge Grant,eng ENG,MFFW,Peterborough,26,1994,26,21,1737,19.3,2,2,4,2,0,0,1,0,0.10,0.10,0.21,0.10,0.21,Matches,0bc6be20
280,Karlan Grant,eng ENG,FWMF,West Brom,23,1997,44,41,3385,37.6,18,6,24,14,4,7,2,0,0.48,0.16,0.64,0.37,0.53,Matches,87f7500e
281,Andre Gray,jm JAM,FW,QPR,30,1991,28,13,1226,13.6,10,1,11,8,2,2,2,0,0.73,0.07,0.81,0.59,0.66,Matches,c24dba2a
282,Jacob Greaves,eng ENG,DF,Hull City,20,2000,46,46,4140,46.0,0,0,0,0,0,0,8,0,0.00,0.00,0.00,0.00,0.00,Matches,1f169636
283,Matt Grimes,eng ENG,MF,Swansea City,26,1995,46,46,4140,46.0,0,2,2,0,0,0,6,0,0.00,0.04,0.04,0.00,0.04,Matches,81a487b9
284,Daniel Grimshaw,eng ENG,GK,Blackpool,23,1998,26,26,2269,25.2,0,1,1,0,0,0,2,0,0.00,0.04,0.04,0.00,0.04,Matches,5397e7d8
285,Adlène Guedioura,dz ALG,MF,Sheffield United,35,1985,1,0,26,0.3,0,0,0,0,0,0,1,0,0.00,0.00,0.00,0.00,0.00,Matches,f75825e3
286,Viktor Gyökeres,se SWE,FW,Coventry City,23,1998,45,41,3594,39.9,17,5,22,17,0,1,1,0,0.43,0.13,0.55,0.43,0.55,Matches,4d5a9185
287,Alen Halilović,hr CRO,MF,Reading,25,1996,11,9,690,7.7,1,2,3,1,0,0,2,0,0.13,0.26,0.39,0.13,0.39,Matches,a6b9bd00
288,George Hall,eng ENG,FW,Birmingham City,17,2004,2,1,116,1.3,0,0,0,0,0,0,0,0,0.00,0.00,0.00,0.00,0.00,Matches,2f421218
289,Grant Hall,eng ENG,DF,Middlesbrough,29,1991,8,8,720,8.0,0,0,0,0,0,0,1,0,0.00,0.00,0.00,0.00,0.00,Matches,1264ee68
290,Aapo Halme,fi FIN,DF,Barnsley,23,1998,5,2,204,2.3,0,0,0,0,0,0,0,0,0.00,0.00,0.00,0.00,0.00,Matches,02b952ce
291,Ben Hamer,eng ENG,GK,Swansea City,33,1987,21,21,1890,21.0,0,0,0,0,0,0,0,0,0.00,0.00,0.00,0.00,0.00,Matches,d822a850
292,Gustavo Hamer,nl NED,MF,Coventry City,24,1997,39,37,3102,34.5,3,10,13,3,0,0,14,0,0.09,0.29,0.38,0.09,0.38,Matches,eebacc07
293,CJ Hamilton,ie IRL,MF,Blackpool,26,1995,24,17,1471,16.3,2,4,6,2,0,0,1,0,0.12,0.24,0.37,0.12,0.37,Matches,63ffd16e
294,Ethan Hamilton,sct SCO,MF,Peterborough,22,1998,2,0,59,0.7,0,0,0,0,0,0,0,0,0.00,0.00,0.00,0.00,0.00,Matches,429f107b
295,Mark Harris,wls WAL,FWMF,Cardiff City,22,1998,34,17,1543,17.1,3,1,4,3,0,0,6,0,0.17,0.06,0.23,0.17,0.23,Matches,fcc02804
296,Taylor Harwood-Bellis,eng ENG,DF,Stoke City,19,2002,22,22,1959,21.8,0,1,1,0,0,0,3,0,0.00,0.05,0.05,0.00,0.05,Matches,47327321
297,Jan Paul van Hecke,nl NED,DF,Blackburn,21,2000,31,30,2646,29.4,1,1,2,1,0,0,12,1,0.03,0.03,0.07,0.03,0.07,Matches,4fd08daa
298,Michael Hector,jm JAM,DF,Fulham,29,1992,4,4,360,4.0,0,0,0,0,0,0,1,0,0.00,0.00,0.00,0.00,0.00,Matches,5f1a2f31
299,Ryan Hedges,wls WAL,MF,Blackburn,26,1995,11,4,401,4.5,0,1,1,0,0,0,1,0,0.00,0.22,0.22,0.00,0.22,Matches,c54816a4
300,Michał Helik,pl POL,DF,Barnsley,25,1995,38,38,3391,37.7,1,1,2,1,0,0,8,0,0.03,0.03,0.05,0.03,0.05,Matches,1d031d1f
301,Jordan Helliwell,eng ENG,MF,Barnsley,19,2001,2,1,106,1.2,0,0,0,0,0,0,0,0,0.00,0.00,0.00,0.00,0.00,Matches,0d46ac39
302,Jeff Hendrick,ie IRL,MF,QPR,29,1992,10,7,655,7.3,0,0,0,0,0,0,1,0,0.00,0.00,0.00,0.00,0.00,Matches,989d5705
303,Onel Hernández,cu CUB,MFFW,Middlesbrough,28,1993,17,9,787,8.7,1,0,1,1,0,0,2,0,0.11,0.00,0.11,0.11,0.11,Matches,007b39a5
304,Onel Hernández,cu CUB,MFFW,Birmingham City,28,1993,22,21,1866,20.7,3,3,6,3,0,0,3,0,0.14,0.14,0.29,0.14,0.29,Matches,007b39a5
305,Scott High,sct SCO,MF,Huddersfield,20,2001,23,14,1513,16.8,0,1,1,0,0,0,2,0,0.00,0.06,0.06,0.00,0.06,Matches,b8ec3525
306,James Hill,eng ENG,DF,Bournemouth,19,2002,1,0,2,0.0,0,0,0,0,0,0,0,0,0.00,0.00,0.00,0.00,0.00,Matches,69942fb3
307,Josh Hinds,eng ENG,FW,Hull City,18,2003,1,0,9,0.1,0,0,0,0,0,0,0,0,0.00,0.00,0.00,0.00,0.00,Matches,a0b513d1
308,Scott Hogan,ie IRL,FW,Birmingham City,29,1992,36,28,2287,25.4,10,1,11,10,0,0,2,0,0.39,0.04,0.43,0.39,0.43,Matches,cdda4027
309,Jonathan Hogg,eng ENG,MFDF,Huddersfield,32,1988,31,31,2531,28.1,2,1,3,2,0,0,3,0,0.07,0.04,0.11,0.07,0.11,Matches,9306d5ea
310,Junior Hoilett,ca CAN,MFFW,Reading,31,1990,27,20,1726,19.2,3,2,5,3,0,0,4,1,0.16,0.10,0.26,0.16,0.26,Matches,33af5b9e
311,Duane Holmes,us USA,FWMF,Huddersfield,26,1994,37,26,2263,25.1,5,0,5,4,1,1,9,0,0.20,0.00,0.20,0.16,0.16,Matches,47a050ed
312,Tom Holmes,eng ENG,DF,Reading,21,2000,32,27,2437,27.1,1,0,1,1,0,0,4,0,0.04,0.00,0.04,0.04,0.04,Matches,db317640
313,William Hondermarck,cg CGO,MFDF,Barnsley,20,2000,9,3,325,3.6,0,0,0,0,0,0,1,0,0.00,0.00,0.00,0.00,0.00,Matches,df3e805c
314,George Honeyman,eng ENG,MF,Hull City,26,1994,35,34,2989,33.2,5,4,9,5,0,0,9,0,0.15,0.12,0.27,0.15,0.27,Matches,84afeaff
315,Ethan Horvath,us USA,GK,Nottingham,26,1995,6,6,540,6.0,0,0,0,0,0,0,0,0,0.00,0.00,0.00,0.00,0.00,Matches,3f65d5ce
316,Conor Hourihane,ie IRL,MF,Sheffield United,30,1991,29,15,1441,16.0,1,4,5,1,0,0,4,0,0.06,0.25,0.31,0.06,0.31,Matches,fcab00a0
317,Ryan Howley,wls WAL,MF,Coventry City,17,2003,1,0,6,0.1,0,0,0,0,0,0,0,0,0.00,0.00,0.00,0.00,0.00,Matches,fe44269d
318,Jonny Howson,eng ENG,MF,Middlesbrough,33,1988,45,44,3938,43.8,1,4,5,1,0,0,10,0,0.02,0.09,0.11,0.02,0.11,Matches,08b10f50
319,Tom Huddlestone,eng ENG,MF,Hull City,34,1986,11,4,384,4.3,0,0,0,0,0,0,2,0,0.00,0.00,0.00,0.00,0.00,Matches,464cbbc9
320,Andrew Hughes,wls WAL,DF,Preston,29,1992,40,40,3503,38.9,1,0,1,1,0,0,6,1,0.03,0.00,0.03,0.03,0.03,Matches,18a6749d
321,Jordan Hugill,eng ENG,FW,West Brom,29,1992,20,7,1010,11.2,1,0,1,1,0,0,2,0,0.09,0.00,0.09,0.09,0.09,Matches,a36d4785
322,Jordan Hugill,eng ENG,FW,Cardiff City,29,1992,18,17,1407,15.6,4,1,5,4,0,0,3,0,0.26,0.06,0.32,0.26,0.32,Matches,a36d4785
323,Paul Huntington,eng ENG,DF,Preston,33,1987,1,0,11,0.1,0,0,0,0,0,0,0,0,0.00,0.00,0.00,0.00,0.00,Matches,930585c0
324,James Husband,eng ENG,DF,Blackpool,27,1994,31,28,2518,28.0,1,1,2,1,0,0,5,0,0.04,0.04,0.07,0.04,0.07,Matches,33e2d513
325,Isaac Hutchinson,eng ENG,MF,Derby County,21,2000,1,0,1,0.0,0,0,0,0,0,0,0,0,0.00,0.00,0.00,0.00,0.00,Matches,4e99bc91
326,Shaun Hutchinson,eng ENG,DF,Millwall,30,1990,29,28,2493,27.7,0,1,1,0,0,0,3,0,0.00,0.04,0.04,0.00,0.04,Matches,64400baf
327,Dominic Hyam,sct SCO,DF,Coventry City,25,1995,43,41,3757,41.7,2,0,2,2,0,0,7,0,0.05,0.00,0.05,0.05,0.05,Matches,ce95958a
328,Danny Hylton,eng ENG,MFFW,Luton Town,32,1989,17,5,592,6.6,4,0,4,4,0,0,4,0,0.61,0.00,0.61,0.61,0.61,Matches,9a008f51
329,Zeno Ibsen Rossi,eng ENG,DF,Bournemouth,20,2000,4,3,274,3.0,0,1,1,0,0,0,0,0,0.00,0.33,0.33,0.00,0.33,Matches,ce7c1536
330,Duncan Idehen,eng ENG,MF,Bristol City,19,2002,2,0,36,0.4,0,0,0,0,0,0,0,0,0.00,0.00,0.00,0.00,0.00,Matches,77782466
331,Uche Ikpeazu,ug UGA,FW,Cardiff City,26,1995,13,1,248,2.8,3,0,3,3,0,0,2,0,1.09,0.00,1.09,1.09,1.09,Matches,b3a3638d
332,Uche Ikpeazu,ug UGA,FW,Middlesbrough,26,1995,20,8,650,7.2,2,1,3,1,1,1,3,0,0.28,0.14,0.42,0.14,0.28,Matches,b3a3638d
333,Tom Ince,eng ENG,MF,Reading,29,1992,15,15,1333,14.8,2,1,3,2,0,0,3,0,0.14,0.07,0.20,0.14,0.20,Matches,67d23ab0
334,Tom Ince,eng ENG,MF,Stoke City,29,1992,11,4,449,5.0,3,0,3,3,0,0,2,0,0.60,0.00,0.60,0.60,0.60,Matches,67d23ab0
335,Matt Ingram,eng ENG,GK,Luton Town,27,1993,2,2,180,2.0,0,0,0,0,0,0,0,0,0.00,0.00,0.00,0.00,0.00,Matches,6f9dcb31
336,Matt Ingram,eng ENG,GK,Hull City,27,1993,29,29,2586,28.7,0,0,0,0,0,0,0,0,0.00,0.00,0.00,0.00,0.00,Matches,6f9dcb31
337,Harvey Isted,eng ENG,GK,Luton Town,24,1997,2,1,136,1.5,0,0,0,0,0,0,0,0,0.00,0.00,0.00,0.00,0.00,Matches,bbb09699
338,Daniel Iversen,dk DEN,GK,Preston,24,1997,46,45,4128,45.9,0,0,0,0,0,0,1,0,0.00,0.00,0.00,0.00,0.00,Matches,10d221cd
339,Phil Jagielka,eng ENG,DF,Stoke City,38,1982,20,20,1775,19.7,0,0,0,0,0,0,1,0,0.00,0.00,0.00,0.00,0.00,Matches,3233eefd
340,Phil Jagielka,eng ENG,DF,Derby County,38,1982,20,20,1800,20.0,0,0,0,0,0,0,1,0,0.00,0.00,0.00,0.00,0.00,Matches,3233eefd
341,Karl Jakob Hein,ee EST,GK,Reading,19,2002,5,5,450,5.0,0,0,0,0,0,0,0,0,0.00,0.00,0.00,0.00,0.00,Matches,aa81d8f8
342,Jordan James,wls WAL,MF,Birmingham City,17,2004,20,13,1183,13.1,1,2,3,1,0,0,1,0,0.08,0.15,0.23,0.08,0.23,Matches,f719ad7f
343,Matty James,eng ENG,MF,Bristol City,30,1991,33,31,2783,30.9,1,3,4,1,0,0,1,0,0.03,0.10,0.13,0.03,0.13,Matches,ebd0a048
344,Reece James,eng ENG,DFMF,Blackpool,27,1993,17,15,1258,14.0,0,0,0,0,0,0,3,0,0.00,0.00,0.00,0.00,0.00,Matches,5bc2f6ca
345,Saikou Janneh,eng ENG,FW,Bristol City,20,2001,1,0,17,0.2,0,0,0,0,0,0,0,0,0.00,0.00,0.00,0.00,0.00,Matches,1ec38d88
346,William Jarvis,eng ENG,MF,Hull City,18,2002,1,0,18,0.2,0,0,0,0,0,0,0,0,0.00,0.00,0.00,0.00,0.00,Matches,f471718a
347,Zach Jeacock,eng ENG,GK,Birmingham City,20,2001,2,2,180,2.0,0,0,0,0,0,0,0,0,0.00,0.00,0.00,0.00,0.00,Matches,f7299b39
348,Daniel Jebbison,ca CAN,FW,Sheffield United,17,2003,8,1,202,2.2,0,0,0,0,0,0,1,0,0.00,0.00,0.00,0.00,0.00,Matches,03edb878
349,Cameron Jerome,eng ENG,FW,Luton Town,34,1986,31,14,1352,15.0,3,5,8,3,0,0,5,0,0.20,0.33,0.53,0.20,0.53,Matches,680fb5ee
350,Lucas João,ao ANG,FW,Reading,27,1993,24,21,1886,21.0,10,3,13,9,1,1,1,0,0.48,0.14,0.62,0.43,0.57,Matches,9ddd4e40
351,Stefan Johansen,no NOR,MF,QPR,30,1991,35,31,2751,30.6,1,5,6,1,0,0,8,0,0.03,0.16,0.20,0.03,0.20,Matches,a48da055
352,Tyreece John-Jules,eng ENG,FWMF,Blackpool,20,2001,11,8,597,6.6,0,0,0,0,0,0,1,0,0.00,0.00,0.00,0.00,0.00,Matches,247e5cfc
353,Bradley Johnson,eng ENG,MF,Blackburn,34,1987,18,8,914,10.2,0,0,0,0,0,0,1,0,0.00,0.00,0.00,0.00,0.00,Matches,e0d9bbbe
354,Brennan Johnson,wls WAL,FWMF,Nottingham,20,2001,46,44,3898,43.3,16,10,26,13,3,4,3,0,0.37,0.23,0.60,0.30,0.53,Matches,0cd31129
355,Daniel Johnson,jm JAM,MF,Preston,28,1992,41,35,3179,35.3,7,5,12,5,2,2,9,0,0.20,0.14,0.34,0.14,0.28,Matches,6d477b52
356,Sam Johnstone,eng ENG,GK,West Brom,28,1993,36,36,3239,36.0,0,1,1,0,0,0,4,1,0.00,0.03,0.03,0.00,0.03,Matches,9e5708be
357,Alfie Jones,ca CAN,DF,Hull City,23,1997,23,21,1820,20.2,1,0,1,1,0,0,3,0,0.05,0.00,0.05,0.05,0.05,Matches,e5c107a1
358,Callum Jones,wls WAL,MF,Hull City,20,2001,2,0,2,0.0,0,0,0,0,0,0,0,0,0.00,0.00,0.00,0.00,0.00,Matches,a9d5c771
359,Isaiah Jones,gy GUY,MF,Middlesbrough,22,1999,42,36,3268,36.3,1,9,10,1,0,0,11,0,0.03,0.25,0.28,0.03,0.28,Matches,422ee5c7
360,Jodi Jones,mt MLT,FWMF,Coventry City,23,1997,9,0,102,1.1,0,1,1,0,0,0,0,0,0.00,0.88,0.88,0.00,0.88,Matches,ca4bd2b1
361,Ricky-Jade Jones,eng ENG,FWMF,Peterborough,20,2001,18,6,662,7.4,0,2,2,0,0,0,2,0,0.00,0.27,0.27,0.00,0.27,Matches,0e777d45
362,Kyle Joseph,sct SCO,FWMF,Swansea City,19,2001,10,0,113,1.3,0,0,0,0,0,0,0,0,0.00,0.00,0.00,0.00,0.00,Matches,e9d29bb8
363,Kamil Jóźwiak,pl POL,MFFW,Derby County,23,1998,17,13,963,10.7,0,1,1,0,0,0,2,0,0.00,0.09,0.09,0.00,0.09,Matches,bd4e3824
364,Mads Juel Andersen,dk DEN,DF,Barnsley,23,1997,28,28,2520,28.0,1,1,2,1,0,0,7,0,0.04,0.04,0.07,0.04,0.07,Matches,f098c03e
365,Lukas Jutkiewicz,eng ENG,FW,Birmingham City,32,1989,36,17,1706,19.0,2,1,3,2,0,0,1,0,0.11,0.05,0.16,0.11,0.16,Matches,3943a06f
366,Osman Kakay,sl SLE,MF,QPR,23,1997,13,4,514,5.7,0,0,0,0,0,0,1,0,0.00,0.00,0.00,0.00,0.00,Matches,0aed0751
367,Tomáš Kalas,cz CZE,DF,Bristol City,28,1993,35,34,3072,34.1,0,1,1,0,0,0,5,0,0.00,0.03,0.03,0.00,0.03,Matches,df618867
368,Aboubakar Kamara,mr MTN,FW,Fulham,26,1995,1,0,2,0.0,0,0,0,0,0,0,0,0,0.00,0.00,0.00,0.00,0.00,Matches,4047c976
369,Thomas Kaminski,be BEL,GK,Blackburn,28,1992,44,44,3925,43.6,0,1,1,0,0,0,4,0,0.00,0.02,0.02,0.00,0.02,Matches,1caa93a5
370,Todd Kane,eng ENG,MF,Coventry City,27,1993,29,23,2123,23.6,1,4,5,1,0,0,4,0,0.04,0.17,0.21,0.04,0.21,Matches,dd082c59
371,Idris Kanu,sl SLE,MF,Peterborough,21,1999,5,1,115,1.3,0,0,0,0,0,0,0,0,0.00,0.00,0.00,0.00,0.00,Matches,23c98036
372,Colin Kazim-Richards,tr TUR,FW,Derby County,34,1986,23,5,908,10.1,3,1,4,3,0,0,1,0,0.30,0.10,0.40,0.30,0.40,Matches,ca9e7345
373,Neeskens Kebano,cd COD,MF,Fulham,29,1992,40,31,2717,30.2,9,6,15,9,0,0,1,0,0.30,0.20,0.50,0.30,0.50,Matches,18b999f4
374,Liam Kelly,sct SCO,MF,Coventry City,31,1990,16,8,825,9.2,0,1,1,0,0,0,2,0,0.00,0.11,0.11,0.00,0.11,Matches,f92eb2a4
375,Lloyd Kelly,eng ENG,DF,Bournemouth,22,1998,41,40,3625,40.3,1,1,2,1,0,0,6,0,0.02,0.02,0.05,0.02,0.05,Matches,f31def1e
376,Charlie Kelman,us USA,FW,QPR,19,2001,1,0,6,0.1,0,0,0,0,0,0,0,0,0.00,0.00,0.00,0.00,0.00,Matches,d7cf39b1
377,Frankie Kent,eng ENG,DF,Peterborough,25,1995,34,33,2881,32.0,1,0,1,1,0,0,7,0,0.03,0.00,0.03,0.03,0.03,Matches,151cc732
378,Richard Keogh,ie IRL,DF,Blackpool,34,1986,29,26,2216,24.6,0,1,1,0,0,0,0,0,0.00,0.04,0.04,0.00,0.04,Matches,d07b5d5a
379,Reda Khadra,de GER,FWMF,Blackburn,20,2001,27,18,1458,16.2,4,2,6,4,0,1,2,0,0.25,0.12,0.37,0.25,0.37,Matches,88acf83f
380,Maikel Kieftenbeld,nl NED,MF,Millwall,31,1990,27,19,1815,20.2,0,0,0,0,0,0,7,0,0.00,0.00,0.00,0.00,0.00,Matches,4c6ed74c
381,Gavin Kilkenny,ie IRL,MF,Bournemouth,21,2000,14,13,1096,12.2,0,0,0,0,0,0,4,0,0.00,0.00,0.00,0.00,0.00,Matches,3eeda7dd
382,Andy King,wls WAL,MF,Bristol City,32,1988,14,10,750,8.3,1,2,3,1,0,0,3,1,0.12,0.24,0.36,0.12,0.36,Matches,d790907f
383,Eli King,wls WAL,MF,Cardiff City,18,2002,4,3,174,1.9,0,1,1,0,0,0,0,0,0.00,0.52,0.52,0.00,0.52,Matches,4b441f92
384,Peter Kioso,cd COD,DFMF,Luton Town,22,1998,16,8,753,8.4,0,0,0,0,0,0,2,0,0.00,0.00,0.00,0.00,0.00,Matches,40920f01
385,Cédric Kipré,ci CIV,DF,West Brom,24,1996,14,14,1215,13.5,1,0,1,1,0,0,5,0,0.07,0.00,0.07,0.07,0.07,Matches,9f30e7ed
386,Charlie Kirk,eng ENG,MF,Blackpool,23,1997,9,7,556,6.2,0,3,3,0,0,0,0,0,0.00,0.49,0.49,0.00,0.49,Matches,2b90ec3a
387,Liam Kitching,eng ENG,DF,Barnsley,21,1999,32,29,2628,29.2,0,1,1,0,0,0,7,0,0.00,0.03,0.03,0.00,0.03,Matches,23aa33e2
388,Timm Klose,ch SUI,DF,Bristol City,33,1988,18,18,1561,17.3,1,0,1,1,0,0,4,0,0.06,0.00,0.06,0.06,0.06,Matches,5f1d07f6
389,Jason Knight,ie IRL,MFFW,Derby County,20,2001,38,31,2755,30.6,2,3,5,2,0,0,2,0,0.07,0.10,0.16,0.07,0.16,Matches,b83ec960
390,Josh Knight,eng ENG,DF,Peterborough,23,1997,36,31,2755,30.6,0,1,1,0,0,0,7,0,0.00,0.03,0.03,0.00,0.03,Matches,5c0c30cc
391,Anthony Knockaert,fr FRA,FWMF,Fulham,29,1991,4,0,35,0.4,0,0,0,0,0,0,0,0,0.00,0.00,0.00,0.00,0.00,Matches,6c679c6d
392,Williams Kokolo,fr FRA,DFMF,Middlesbrough,21,2000,1,0,8,0.1,0,0,0,0,0,0,0,0,0.00,0.00,0.00,0.00,0.00,Matches,53df7c3f
393,Ateef Konaté,fr FRA,MF,Nottingham,20,2001,1,0,9,0.1,0,0,0,0,0,0,0,0,0.00,0.00,0.00,0.00,0.00,Matches,12b88955
394,Josh Koroma,sl SLE,FWMF,Huddersfield,22,1998,34,19,1784,19.8,4,2,6,4,0,0,2,0,0.20,0.10,0.30,0.20,0.30,Matches,68ea7714
395,Ethan Laird,eng ENG,MF,Swansea City,20,2001,20,18,1612,17.9,0,3,3,0,0,0,1,0,0.00,0.17,0.17,0.00,0.17,Matches,8267f8d4
396,Ethan Laird,eng ENG,DF,Bournemouth,20,2001,6,4,375,4.2,0,0,0,0,0,0,0,0,0.00,0.00,0.00,0.00,0.00,Matches,8267f8d4
397,Henri Lansbury,eng ENG,MF,Luton Town,30,1990,34,18,1949,21.7,0,0,0,0,0,0,9,0,0.00,0.00,0.00,0.00,0.00,Matches,fe8e6fa1
398,Richie Laryea,ca CAN,MF,Nottingham,26,1995,5,1,120,1.3,0,0,0,0,0,0,0,0,0.00,0.00,0.00,0.00,0.00,Matches,276fdbe4
399,Joël Latibeaudière,jm JAM,DFMF,Swansea City,21,2000,29,21,1863,20.7,0,0,0,0,0,0,5,0,0.00,0.00,0.00,0.00,0.00,Matches,a4183553
400,Josh Laurent,eng ENG,MF,Reading,26,1995,41,41,3642,40.5,2,4,6,2,0,0,7,0,0.05,0.10,0.15,0.05,0.15,Matches,f0068e0f
401,Shayne Lavery,nir NIR,FW,Blackpool,22,1998,37,20,1832,20.4,8,0,8,8,0,0,3,0,0.39,0.00,0.39,0.39,0.39,Matches,d333ffb9
402,Tom Lawrence,wls WAL,MFFW,Derby County,27,1994,38,37,3223,35.8,11,5,16,7,4,4,11,2,0.31,0.14,0.45,0.20,0.34,Matches,7e2f45f4
403,James Lea Siliki,cm CMR,MF,Middlesbrough,25,1996,11,3,334,3.7,0,0,0,0,0,0,0,0,0.00,0.00,0.00,0.00,0.00,Matches,7cf431a5
404,Ryan Ledson,eng ENG,MF,Preston,23,1997,25,15,1291,14.3,0,3,3,0,0,0,5,0,0.00,0.21,0.21,0.00,0.21,Matches,33a5c9b8
405,Tom Lees,eng ENG,DF,Huddersfield,30,1990,40,39,3421,38.0,3,0,3,3,0,0,4,0,0.08,0.00,0.08,0.08,0.08,Matches,8c9aab00
406,Jonathan Leko,eng ENG,MF,Birmingham City,22,1999,4,1,123,1.4,0,0,0,0,0,0,1,0,0.00,0.00,0.00,0.00,0.00,Matches,76b5cbbd
407,Darragh Lenihan,ie IRL,DF,Blackburn,27,1994,41,41,3617,40.2,3,1,4,3,0,0,11,1,0.07,0.02,0.10,0.07,0.10,Matches,274deb82
408,Daníel Leó Grétarsson,is ISL,DF,Blackpool,25,1995,3,2,163,1.8,0,0,0,0,0,0,0,0,0.00,0.00,0.00,0.00,0.00,Matches,d16013d7
409,Ryan Leonard,eng ENG,MFDF,Millwall,29,1992,19,11,1030,11.4,0,3,3,0,0,0,2,0,0.00,0.26,0.26,0.00,0.26,Matches,fd45ca7b
410,Jefferson Lerma,co COL,MF,Bournemouth,26,1994,34,33,2854,31.7,1,3,4,1,0,0,8,2,0.03,0.09,0.13,0.03,0.13,Matches,9b5ce51a
411,Keane Lewis-Potter,eng ENG,MFFW,Hull City,20,2001,46,46,4139,46.0,12,3,15,12,0,0,3,0,0.26,0.07,0.33,0.26,0.33,Matches,41f08ac8
412,Aaron Leya Iseka,be BEL,MFFW,Barnsley,23,1997,25,14,1287,14.3,3,0,3,3,0,0,1,0,0.21,0.00,0.21,0.21,0.21,Matches,29ef0f49
413,Liam Lindsay,sct SCO,DF,Preston,25,1995,15,13,1171,13.0,0,0,0,0,0,0,4,2,0.00,0.00,0.00,0.00,0.00,Matches,30d47f6f
414,Jake Livermore,eng ENG,MF,West Brom,31,1989,37,37,3132,34.8,0,2,2,0,0,0,8,2,0.00,0.06,0.06,0.00,0.06,Matches,b98570d1
415,Tom Lockyer,wls WAL,DF,Luton Town,26,1994,29,27,2425,26.9,1,1,2,1,0,0,5,0,0.04,0.04,0.07,0.04,0.07,Matches,37118440
416,Joe Lolley,eng ENG,MFFW,Nottingham,28,1992,27,10,1019,11.3,0,1,1,0,0,0,1,0,0.00,0.09,0.09,0.00,0.09,Matches,c5f13182
417,Ryan Longman,eng ENG,MF,Hull City,20,2000,35,26,2068,23.0,4,4,8,4,0,0,1,0,0.17,0.17,0.35,0.17,0.35,Matches,9af7cc6d
418,Zak Lovelace,eng ENG,FW,Millwall,15,2006,5,0,29,0.3,0,0,0,0,0,0,0,0,0.00,0.00,0.00,0.00,0.00,Matches,d20cc408
419,Jamal Lowe,jm JAM,FWMF,Bournemouth,27,1994,34,9,1115,12.4,7,2,9,7,0,0,3,0,0.57,0.16,0.73,0.57,0.73,Matches,b2856bc0
420,Jamal Lowe,jm JAM,FW,Swansea City,27,1994,5,3,282,3.1,0,0,0,0,0,0,0,0,0.00,0.00,0.00,0.00,0.00,Matches,b2856bc0
421,Max Lowe,eng ENG,MFDF,Nottingham,24,1997,20,19,1622,18.0,1,4,5,1,0,0,2,0,0.06,0.22,0.28,0.06,0.28,Matches,7af88b33
422,Joe Lumley,eng ENG,GK,Middlesbrough,26,1995,34,34,3060,34.0,0,0,0,0,0,0,2,0,0.00,0.00,0.00,0.00,0.00,Matches,bdf3a08e
423,Ian Maatsen,nl NED,MF,Coventry City,19,2002,40,35,3152,35.0,3,1,4,3,0,0,9,1,0.09,0.03,0.11,0.09,0.11,Matches,cab9634e
424,Gary Madine,eng ENG,FW,Blackpool,30,1990,34,27,2451,27.2,9,0,9,6,3,4,4,0,0.33,0.00,0.33,0.22,0.22,Matches,e3e6502a
425,Josh Magennis,nir NIR,FW,Hull City,30,1990,19,18,1365,15.2,2,0,2,2,0,1,1,0,0.13,0.00,0.13,0.13,0.13,Matches,0b40ae38
426,Tyler Magloire,eng ENG,DF,Blackburn,22,1998,4,1,206,2.3,0,0,0,0,0,0,0,0,0.00,0.00,0.00,0.00,0.00,Matches,9298c3b3
427,Seán Maguire,ie IRL,FW,Preston,27,1994,26,15,1328,14.8,1,2,3,1,0,0,2,0,0.07,0.14,0.20,0.07,0.20,Matches,7f07729c
428,Connor Mahoney,eng ENG,FW,Millwall,24,1997,8,1,208,2.3,0,0,0,0,0,0,0,0,0.00,0.00,0.00,0.00,0.00,Matches,38df681f
429,Josh Maja,ng NGA,FW,Stoke City,22,1998,15,9,909,10.1,1,3,4,1,0,0,1,0,0.10,0.30,0.40,0.10,0.40,Matches,bc0bfc64
430,Scott Malone,eng ENG,MF,Millwall,30,1991,39,36,3129,34.8,2,5,7,2,0,0,5,0,0.06,0.14,0.20,0.06,0.20,Matches,f15a50e8
431,Ryan Manning,ie IRL,DFMF,Swansea City,25,1996,38,34,2993,33.3,2,4,6,2,0,0,8,2,0.06,0.12,0.18,0.06,0.18,Matches,847b53eb
432,Emiliano Marcondes,dk DEN,MFFW,Bournemouth,26,1995,17,8,789,8.8,2,1,3,2,0,0,2,0,0.23,0.11,0.34,0.23,0.34,Matches,4d960fc3
433,Luke Mariette,eng ENG,MF,Blackpool,17,2003,1,0,22,0.2,0,0,0,0,0,0,0,0,0.00,0.00,0.00,0.00,0.00,Matches,c943909b
434,Dilan Markanday,eng ENG,FWMF,Blackburn,19,2001,2,0,48,0.5,0,0,0,0,0,0,0,0,0.00,0.00,0.00,0.00,0.00,Matches,4f242e0e
435,Jack Marriott,eng ENG,FW,Peterborough,26,1994,28,16,1368,15.2,9,0,9,9,0,0,3,0,0.59,0.00,0.59,0.59,0.59,Matches,e4551dab
436,Aiden Marsh,eng ENG,MFFW,Barnsley,18,2003,4,2,184,2.0,1,0,1,1,0,0,0,0,0.49,0.00,0.49,0.49,0.49,Matches,6f300a0b
437,David Marshall,sct SCO,GK,QPR,36,1985,11,10,945,10.5,0,0,0,0,0,0,0,0,0.00,0.00,0.00,0.00,0.00,Matches,4d93d433
438,Chris Martin,sct SCO,FW,Bristol City,32,1988,45,43,3821,42.5,12,7,19,11,1,1,5,0,0.28,0.16,0.45,0.26,0.42,Matches,c21e39f9
439,Han-Noah Massengo,fr FRA,MF,Bristol City,20,2001,37,26,2440,27.1,0,2,2,0,0,0,2,0,0.00,0.07,0.07,0.00,0.07,Matches,eba1e557
440,Alfie Mawson,eng ENG,DF,Fulham,27,1994,6,1,210,2.3,0,0,0,0,0,0,0,0,0.00,0.00,0.00,0.00,0.00,Matches,d368feb8
441,Chris Maxwell,wls WAL,GK,Blackpool,31,1990,21,20,1842,20.5,0,0,0,0,0,0,0,0,0.00,0.00,0.00,0.00,0.00,Matches,609f9b60
442,Loïc Mbe Soh,fr FRA,DF,Nottingham,20,2001,2,2,117,1.3,0,0,0,0,0,0,0,0,0.00,0.00,0.00,0.00,0.00,Matches,8f534f8e
443,Oliver McBurnie,sct SCO,FWMF,Sheffield United,25,1996,28,9,1026,11.4,0,2,2,0,0,0,3,0,0.00,0.18,0.18,0.00,0.18,Matches,78b8ac63
444,Sam McCallum,eng ENG,MFDF,QPR,20,2000,17,15,1269,14.1,2,0,2,2,0,0,1,0,0.14,0.00,0.14,0.14,0.14,Matches,7074c8f1
445,Alistair McCann,nir NIR,MF,Preston,21,1999,28,16,1570,17.4,1,0,1,1,0,0,3,0,0.06,0.00,0.06,0.06,0.06,Matches,0a14d8a7
446,Kyle McFadzean,sct SCO,DF,Coventry City,34,1987,37,35,3139,34.9,3,0,3,3,0,0,7,0,0.09,0.00,0.09,0.09,0.09,Matches,d958cde6
447,David McGoldrick,ie IRL,MFFW,Sheffield United,33,1987,19,9,973,10.8,2,4,6,2,0,0,1,0,0.18,0.37,0.55,0.18,0.55,Matches,dbe56a33
448,Riley McGree,au AUS,MF,Birmingham City,22,1998,13,10,959,10.7,2,2,4,2,0,0,5,0,0.19,0.19,0.38,0.19,0.38,Matches,59d61727
449,Riley McGree,au AUS,MF,Middlesbrough,22,1998,11,7,725,8.1,2,0,2,2,0,0,2,0,0.25,0.00,0.25,0.25,0.25,Matches,59d61727
450,Mark McGuinness,ie IRL,DF,Cardiff City,20,2001,34,33,2901,32.2,3,0,3,3,0,0,9,0,0.09,0.00,0.09,0.09,0.09,Matches,0fae1880
451,Tom McIntyre,sct SCO,DFMF,Reading,22,1998,19,18,1618,18.0,2,0,2,2,0,0,1,0,0.11,0.00,0.11,0.11,0.11,Matches,6e90b2f7
452,Scott McKenna,sct SCO,DF,Nottingham,24,1996,45,45,3985,44.3,2,3,5,2,0,0,7,0,0.05,0.07,0.11,0.05,0.11,Matches,4e5a4cbc
453,Sean McLoughlin,ie IRL,DF,Hull City,24,1996,32,29,2778,30.9,0,2,2,0,0,0,4,0,0.00,0.06,0.06,0.00,0.06,Matches,315eb8f6
454,Paddy McNair,nir NIR,DFMF,Middlesbrough,26,1995,42,42,3762,41.8,5,3,8,3,2,3,10,1,0.12,0.07,0.19,0.07,0.14,Matches,8ac454b5
455,Dan McNamara,ie IRL,MF,Millwall,22,1998,37,33,2960,32.9,2,2,4,2,0,0,5,0,0.06,0.06,0.12,0.06,0.12,Matches,390a580b
456,Yakou Méïte,ci CIV,MFFW,Reading,25,1996,13,3,369,4.1,0,0,0,0,0,0,0,0,0.00,0.00,0.00,0.00,0.00,Matches,c55e8ab0
457,Carlos Mendes Gomes,gw GNB,MFFW,Luton Town,22,1998,9,2,248,2.8,0,0,0,0,0,0,0,0,0.00,0.00,0.00,0.00,0.00,Matches,d90a63ec
458,Teden Mengi,eng ENG,DF,Birmingham City,19,2002,9,9,724,8.0,0,0,0,0,0,0,1,0,0.00,0.00,0.00,0.00,0.00,Matches,91748070
459,Chris Mepham,wls WAL,DF,Bournemouth,23,1997,22,12,1095,12.2,0,0,0,0,0,0,7,0,0.00,0.00,0.00,0.00,0.00,Matches,fed96827
460,Alex Mighten,eng ENG,MFFW,Nottingham,19,2002,23,5,692,7.7,1,1,2,1,0,0,0,0,0.13,0.13,0.26,0.13,0.26,Matches,10ec4169
461,Jevon Mills,ie IRL,DF,Hull City,17,2003,1,0,1,0.0,0,0,0,0,0,0,0,0,0.00,0.00,0.00,0.00,0.00,Matches,3bd47c13
462,Billy Mitchell,eng ENG,MF,Millwall,21,2000,42,35,3158,35.1,0,0,0,0,0,0,5,0,0.00,0.00,0.00,0.00,0.00,Matches,88ff9db9
463,Demetri Mitchell,eng ENG,MF,Blackpool,24,1997,13,6,487,5.4,0,1,1,0,0,0,1,0,0.00,0.18,0.18,0.00,0.18,Matches,c286f3c2
464,Aleksandar Mitrović,rs SRB,FW,Fulham,26,1994,44,44,3826,42.5,43,7,50,37,6,7,10,0,1.01,0.16,1.18,0.87,1.04,Matches,3925dbd6
465,Jayson Molumby,ie IRL,MF,West Brom,21,1999,31,17,1722,19.1,1,0,1,1,0,0,11,1,0.05,0.00,0.05,0.05,0.05,Matches,c908a1bc
466,George Moncur,eng ENG,MFFW,Hull City,27,1993,14,7,687,7.6,0,1,1,0,0,0,0,1,0.00,0.13,0.13,0.00,0.13,Matches,14a7d8e3
467,Jasper Moon,eng ENG,DFMF,Barnsley,20,2000,25,18,1738,19.3,0,0,0,0,0,0,3,0,0.00,0.00,0.00,0.00,0.00,Matches,ccc800f2
468,Kieffer Moore,wls WAL,FW,Cardiff City,28,1992,22,15,1506,16.7,5,2,7,5,0,0,1,0,0.30,0.12,0.42,0.30,0.42,Matches,01ce9e70
469,Kieffer Moore,wls WAL,DFFW,Bournemouth,28,1992,4,0,87,1.0,4,0,4,4,0,0,0,0,4.14,0.00,4.14,4.14,4.14,Matches,01ce9e70
470,Liam Moore,jm JAM,DF,Stoke City,28,1993,4,4,305,3.4,0,0,0,0,0,0,0,0,0.00,0.00,0.00,0.00,0.00,Matches,bcee97a4
471,Liam Moore,jm JAM,DF,Reading,28,1993,17,17,1438,16.0,2,1,3,2,0,0,2,0,0.13,0.06,0.19,0.13,0.19,Matches,bcee97a4
472,Simon Moore,eng ENG,GK,Coventry City,31,1990,41,41,3690,41.0,0,1,1,0,0,0,1,0,0.00,0.02,0.02,0.00,0.02,Matches,e7434f04
473,Stuart Moore,eng ENG,GK,Blackpool,26,1994,1,0,29,0.3,0,0,0,0,0,0,0,0,0.00,0.00,0.00,0.00,0.00,Matches,c2a02cf6
474,Carlton Morris,eng ENG,FWMF,Barnsley,25,1995,28,26,2278,25.3,7,3,10,6,1,1,5,0,0.28,0.12,0.40,0.24,0.36,Matches,2da834f1
475,Michael Morrison,eng ENG,DF,Reading,33,1988,29,29,2610,29.0,2,2,4,2,0,0,7,0,0.07,0.07,0.14,0.07,0.14,Matches,c7354a11
476,Ravel Morrison,jm JAM,MFFW,Derby County,28,1993,36,25,2326,25.8,4,4,8,4,0,0,9,1,0.15,0.15,0.31,0.15,0.31,Matches,bf59c794
477,Sean Morrison,eng ENG,DF,Cardiff City,30,1991,16,16,1315,14.6,3,1,4,3,0,0,2,1,0.21,0.07,0.27,0.21,0.27,Matches,09fec029
478,Sam Morsy,eg EGY,MFFW,Middlesbrough,29,1991,3,3,240,2.7,0,0,0,0,0,0,0,1,0.00,0.00,0.00,0.00,0.00,Matches,a23c0949
479,Callum Morton,eng ENG,FW,Peterborough,21,2000,7,3,300,3.3,0,1,1,0,0,0,0,0,0.00,0.30,0.30,0.00,0.30,Matches,cb006b7e
480,Lys Mousset,fr FRA,FW,Sheffield United,25,1996,7,4,319,3.5,3,0,3,3,0,0,2,0,0.85,0.00,0.85,0.85,0.85,Matches,d9cfca3d
481,Alex Mowatt,eng ENG,MF,West Brom,26,1995,34,34,2884,32.0,4,2,6,4,0,0,5,1,0.12,0.06,0.19,0.12,0.19,Matches,361b8b6c
482,Bali Mumba,eng ENG,MFDF,Peterborough,19,2001,10,7,689,7.7,0,0,0,0,0,0,3,0,0.00,0.00,0.00,0.00,0.00,Matches,2d760d7b
483,Rodrigo Muniz,br BRA,FW,Fulham,20,2001,25,2,511,5.7,4,0,4,4,0,0,0,0,0.70,0.00,0.70,0.70,0.70,Matches,a755db8c
484,Josh Murphy,eng ENG,FWMF,Preston,26,1995,12,0,199,2.2,0,0,0,0,0,0,0,0,0.00,0.00,0.00,0.00,0.00,Matches,b30c7426
485,Admiral Muskwe,zw ZIM,FWMF,Luton Town,22,1998,20,7,842,9.4,0,1,1,0,0,0,2,0,0.00,0.11,0.11,0.00,0.11,Matches,ee2b9a18
486,Kal Naismith,sct SCO,DF,Luton Town,29,1992,42,42,3694,41.0,2,7,9,1,1,1,8,0,0.05,0.17,0.22,0.02,0.19,Matches,d3ccb0ea
487,Kyle Naughton,eng ENG,DF,Swansea City,32,1988,38,37,3286,36.5,0,0,0,0,0,0,5,0,0.00,0.00,0.00,0.00,0.00,Matches,e860c42f
488,Iliman Ndiaye,sn SEN,MFFW,Sheffield United,21,2000,30,23,1829,20.3,7,2,9,7,0,0,4,0,0.34,0.10,0.44,0.34,0.44,Matches,5ed97752
489,Curtis Nelson,eng ENG,DF,Cardiff City,28,1993,30,30,2669,29.7,0,0,0,0,0,0,7,0,0.00,0.00,0.00,0.00,0.00,Matches,943a8857
490,Perry Ng,eng ENG,DFMF,Cardiff City,25,1996,39,39,3392,37.7,0,3,3,0,0,0,10,0,0.00,0.08,0.08,0.00,0.08,Matches,920afe91
491,Lee Nicholls,eng ENG,GK,Huddersfield,28,1992,43,43,3870,43.0,0,0,0,0,0,0,7,0,0.00,0.00,0.00,0.00,0.00,Matches,b105cebe
492,Oliver Norburn,gd GRN,MF,Peterborough,28,1992,36,34,3015,33.5,0,1,1,0,0,0,9,0,0.00,0.03,0.03,0.00,0.03,Matches,99666073
493,Rhys Norrington-Davies,wls WAL,MFDF,Sheffield United,22,1999,22,20,1795,19.9,0,1,1,0,0,0,4,0,0.00,0.05,0.05,0.00,0.05,Matches,ca76b087
494,Oliver Norwood,nir NIR,MF,Sheffield United,30,1991,44,42,3628,40.3,1,4,5,1,0,0,9,0,0.02,0.10,0.12,0.02,0.12,Matches,43439614
495,Olivier Ntcham,cm CMR,MFFW,Swansea City,25,1996,37,20,1885,20.9,4,3,7,4,0,0,4,0,0.19,0.14,0.33,0.19,0.33,Matches,6554bb97
496,Ryan Nyambe,na NAM,MFDF,Blackburn,23,1997,31,31,2490,27.7,0,0,0,0,0,0,5,1,0.00,0.00,0.00,0.00,0.00,Matches,bb89bef7
497,Ørjan Nyland,no NOR,GK,Bournemouth,30,1990,1,1,90,1.0,0,0,0,0,0,0,0,0,0.00,0.00,0.00,0.00,0.00,Matches,bdedffac
498,Ørjan Nyland,no NOR,GK,Reading,30,1990,10,10,900,10.0,0,0,0,0,0,0,0,0,0.00,0.00,0.00,0.00,0.00,Matches,bdedffac
499,Lewis O'Brien,eng ENG,MF,Huddersfield,22,1998,43,43,3835,42.6,3,3,6,3,0,0,9,0,0.07,0.07,0.14,0.07,0.14,Matches,089667a5
500,Callum O'Dowda,ie IRL,MF,Bristol City,26,1995,20,16,1254,13.9,1,0,1,1,0,0,3,0,0.07,0.00,0.07,0.07,0.07,Matches,c8cf8f64
501,Callum O'Hare,eng ENG,MFFW,Coventry City,23,1998,45,43,3804,42.3,5,8,13,5,0,0,7,0,0.12,0.19,0.31,0.12,0.31,Matches,39072483
502,Max O'Leary,ie IRL,GK,Bristol City,24,1996,9,9,782,8.7,0,0,0,0,0,0,0,0,0.00,0.00,0.00,0.00,0.00,Matches,a77c1ce8
503,Mikey O'Neill,eng ENG,MF,Preston,17,2004,3,0,22,0.2,0,0,0,0,0,0,0,0,0.00,0.00,0.00,0.00,0.00,Matches,49676292
504,Dara O'Shea,ie IRL,DF,West Brom,22,1999,14,12,1047,11.6,2,0,2,2,0,0,2,0,0.17,0.00,0.17,0.17,0.17,Matches,1d042188
505,Marcel Oakley,eng ENG,MF,Birmingham City,18,2002,2,2,148,1.6,0,0,0,0,0,0,1,0,0.00,0.00,0.00,0.00,0.00,Matches,114ef345
506,Michael Obafemi,ie IRL,FW,Swansea City,21,2000,32,20,2021,22.5,12,3,15,12,0,0,3,0,0.53,0.13,0.67,0.53,0.67,Matches,caa1a7f0
507,Denis Odoi,gh GHA,DF,Fulham,33,1988,18,17,1471,16.3,1,3,4,1,0,0,6,0,0.06,0.18,0.24,0.06,0.24,Matches,f7750aa0
508,Moses Odubajo,eng ENG,MFDF,QPR,28,1993,28,23,2133,23.7,0,3,3,0,0,0,6,1,0.00,0.13,0.13,0.00,0.13,Matches,761bc132
509,Mipo Odubeko,ie IRL,FW,Huddersfield,18,2002,6,0,113,1.3,0,0,0,0,0,0,0,0,0.00,0.00,0.00,0.00,0.00,Matches,dcba03f6
510,Clarke Oduor,ke KEN,MFFW,Barnsley,22,1999,20,10,986,11.0,0,2,2,0,0,0,0,0,0.00,0.18,0.18,0.00,0.18,Matches,badf2acb
511,Nathanael Ogbeta,eng ENG,DFMF,Swansea City,20,2001,2,0,55,0.6,0,0,0,0,0,0,0,0,0.00,0.00,0.00,0.00,0.00,Matches,e8570430
512,Braian Ojeda,py PAR,MF,Nottingham,21,2000,3,3,235,2.6,0,0,0,0,0,0,0,0,0.00,0.00,0.00,0.00,0.00,Matches,60953af0
513,Sheyi Ojo,eng ENG,MFFW,Millwall,24,1997,18,12,932,10.4,0,2,2,0,0,0,0,0,0.00,0.19,0.19,0.00,0.19,Matches,7b9a86e6
514,Matthew Olosunde,us USA,MF,Preston,23,1998,2,1,136,1.5,0,0,0,0,0,0,0,0,0.00,0.00,0.00,0.00,0.00,Matches,e2c439c4
515,Robin Olsen,se SWE,GK,Sheffield United,31,1990,11,11,990,11.0,0,0,0,0,0,0,0,0,0.00,0.00,0.00,0.00,0.00,Matches,e7ee38c3
516,Toyosi Olusanya,eng ENG,FWMF,Middlesbrough,23,1997,3,0,66,0.7,0,0,0,0,0,0,1,0,0.00,0.00,0.00,0.00,0.00,Matches,b1aea125
517,Josh Onomah,eng ENG,MF,Fulham,24,1997,20,8,808,9.0,1,3,4,1,0,0,1,0,0.11,0.33,0.45,0.11,0.45,Matches,6612cd8c
518,Fred Onyedinma,eng ENG,FWMF,Luton Town,24,1996,29,14,1539,17.1,3,4,7,3,0,0,3,0,0.18,0.23,0.41,0.18,0.41,Matches,387d06b2
519,Ben Osborn,eng ENG,MF,Sheffield United,26,1994,34,21,1956,21.7,3,3,6,3,0,0,1,0,0.14,0.14,0.28,0.14,0.28,Matches,79bc4c45
520,Jordi Osei-Tutu,eng ENG,MFDF,Nottingham,22,1998,4,4,233,2.6,0,0,0,0,0,0,1,0,0.00,0.00,0.00,0.00,0.00,Matches,0a16eb36
521,Gabriel Osho,ng NGA,MFDF,Luton Town,22,1998,23,16,1405,15.6,0,0,0,0,0,0,2,0,0.00,0.00,0.00,0.00,0.00,Matches,cd889153
522,William Osula,dk DEN,FW,Sheffield United,17,2003,5,0,74,0.8,0,0,0,0,0,0,0,0,0.00,0.00,0.00,0.00,0.00,Matches,7b355808
523,Obbi Oulare,be BEL,FW,Barnsley,25,1996,2,0,29,0.3,0,0,0,0,0,0,1,0,0.00,0.00,0.00,0.00,0.00,Matches,9e49c320
524,Marlon Pack,eng ENG,MF,Cardiff City,30,1991,24,23,2068,23.0,1,3,4,1,0,0,6,0,0.04,0.13,0.17,0.04,0.17,Matches,8633b350
525,Alex Palmer,eng ENG,GK,Luton Town,24,1996,2,2,180,2.0,0,1,1,0,0,0,0,0,0.00,0.50,0.50,0.00,0.50,Matches,6ea97fd5
526,Kasey Palmer,jm JAM,MF,Bristol City,24,1996,6,1,207,2.3,1,0,1,1,0,0,0,0,0.43,0.00,0.43,0.43,0.43,Matches,453f566a
527,Romal Palmer,eng ENG,MF,Barnsley,21,1999,33,24,1893,21.0,1,1,2,1,0,0,9,0,0.05,0.05,0.10,0.05,0.10,Matches,ff1becbe
528,Jonathan Panzo,eng ENG,DF,Nottingham,20,2000,1,1,64,0.7,0,0,0,0,0,0,0,0,0.00,0.00,0.00,0.00,0.00,Matches,c795c408
529,Jamie Paterson,eng ENG,MF,Swansea City,29,1991,38,33,2952,32.8,9,9,18,9,0,0,3,0,0.27,0.27,0.55,0.27,0.55,Matches,8b6bfc53
530,Martín Payero,ar ARG,MF,Middlesbrough,22,1998,13,6,567,6.3,1,1,2,1,0,0,2,0,0.16,0.16,0.32,0.16,0.32,Matches,bdbff2b5
531,Alex Pearce,ie IRL,DF,Millwall,32,1988,6,3,281,3.1,0,0,0,0,0,0,0,0,0.00,0.00,0.00,0.00,0.00,Matches,66e0514a
532,Aynsley Pears,eng ENG,GK,Blackburn,23,1998,3,2,215,2.4,0,0,0,0,0,0,0,0,0.00,0.00,0.00,0.00,0.00,Matches,dfa084b2
533,Ben Pearson,eng ENG,MF,Bournemouth,26,1995,23,8,883,9.8,0,1,1,0,0,0,4,0,0.00,0.10,0.10,0.00,0.10,Matches,a6b461e7
534,Matty Pearson,eng ENG,DF,Huddersfield,27,1993,37,37,3131,34.8,3,0,3,3,0,0,3,0,0.09,0.00,0.09,0.09,0.09,Matches,d54e009e
535,Kristian Pedersen,dk DEN,DFMF,Birmingham City,26,1994,37,37,3257,36.2,2,1,3,2,0,0,12,1,0.06,0.03,0.08,0.06,0.08,Matches,5154b2ba
536,Lee Peltier,eng ENG,DFMF,Middlesbrough,34,1986,21,17,1466,16.3,0,0,0,0,0,0,9,0,0.00,0.00,0.00,0.00,0.00,Matches,af341b88
537,Dillon Phillips,eng ENG,GK,Cardiff City,26,1995,17,17,1530,17.0,0,0,0,0,0,0,1,0,0.00,0.00,0.00,0.00,0.00,Matches,d0330b1d
538,Matt Phillips,sct SCO,FWMF,West Brom,30,1991,28,18,1560,17.3,3,2,5,3,0,0,2,0,0.17,0.12,0.29,0.17,0.29,Matches,7bb5f40e
539,Nathaniel Phillips,eng ENG,DF,Bournemouth,24,1997,17,17,1530,17.0,0,0,0,0,0,0,3,0,0.00,0.00,0.00,0.00,0.00,Matches,515ebe8d
540,Jaden Philogene Bidace,eng ENG,FWMF,Stoke City,19,2002,11,6,541,6.0,1,0,1,1,0,0,0,0,0.17,0.00,0.17,0.17,0.17,Matches,19f4d211
541,Harry Pickering,eng ENG,MFDF,Blackburn,22,1998,32,31,2749,30.5,2,2,4,2,0,0,5,0,0.07,0.07,0.13,0.07,0.13,Matches,fd985c15
542,Pipa,es ESP,MFDF,Huddersfield,23,1998,11,6,629,7.0,0,2,2,0,0,0,1,0,0.00,0.29,0.29,0.00,0.29,Matches,10f1cd17
543,Joël Piroe,sr SUR,FWMF,Swansea City,21,1999,45,40,3474,38.6,22,6,28,21,1,1,4,0,0.57,0.16,0.73,0.54,0.70,Matches,1f0072a6
544,Luke Plange,eng ENG,FW,Derby County,18,2002,26,19,1669,18.5,4,2,6,4,0,0,1,0,0.22,0.11,0.32,0.22,0.32,Matches,2140e999
545,Kwame Poku,gh GHA,MFFW,Peterborough,19,2001,20,11,1111,12.3,0,2,2,0,0,0,1,0,0.00,0.16,0.16,0.00,0.16,Matches,2f4b8d82
546,Brad Potts,eng ENG,MF,Preston,27,1994,35,23,1979,22.0,1,2,3,1,0,0,4,0,0.05,0.09,0.14,0.05,0.14,Matches,a81ba56b
547,Dan Potts,eng ENG,DFMF,Luton Town,27,1994,10,9,739,8.2,0,0,0,0,0,0,2,0,0.00,0.00,0.00,0.00,0.00,Matches,3595affe
548,Ian Poveda,eng ENG,MFFW,Blackburn,21,2000,10,4,375,4.2,1,2,3,1,0,0,2,0,0.24,0.48,0.72,0.24,0.72,Matches,55b4f1d6
549,Nick Powell,eng ENG,MFFW,Stoke City,27,1994,18,14,1188,13.2,6,2,8,6,0,0,2,0,0.45,0.15,0.61,0.45,0.61,Matches,05ca4fcb
550,Cameron Pring,eng ENG,DFMF,Bristol City,23,1998,32,23,2041,22.7,0,1,1,0,0,0,7,0,0.00,0.04,0.04,0.00,0.04,Matches,01716c85
551,George Pușcaș,ro ROU,FWMF,Reading,25,1996,25,17,1375,15.3,1,1,2,1,0,0,1,0,0.07,0.07,0.13,0.07,0.13,Matches,c23c8e0d
552,Christy Pym,eng ENG,GK,Peterborough,26,1995,7,7,630,7.0,0,0,0,0,0,0,0,0,0.00,0.00,0.00,0.00,0.00,Matches,205b0dbb
553,Domingos Quina,pt POR,MFFW,Barnsley,21,1999,16,16,1380,15.3,2,0,2,2,0,0,4,0,0.13,0.00,0.13,0.13,0.13,Matches,41fb0f4e
554,Domingos Quina,pt POR,MF,Fulham,21,1999,2,1,92,1.0,0,0,0,0,0,0,1,0,0.00,0.00,0.00,0.00,0.00,Matches,41fb0f4e
555,Joe Rafferty,ie IRL,MF,Preston,27,1993,5,2,218,2.4,0,0,0,0,0,0,0,0,0.00,0.00,0.00,0.00,0.00,Matches,4d5ecb73
556,Abdul Rahman Baba,gh GHA,DFMF,Reading,27,1994,29,29,2579,28.7,0,1,1,0,0,0,5,0,0.00,0.03,0.03,0.00,0.03,Matches,e4086af3
557,Joe Ralls,eng ENG,MF,Cardiff City,27,1993,29,26,2250,25.0,1,6,7,1,0,0,7,0,0.04,0.24,0.28,0.04,0.28,Matches,3730fcbc
558,Aaron Ramsdale,eng ENG,GK,Sheffield United,23,1998,2,2,180,2.0,0,0,0,0,0,0,0,0,0.00,0.00,0.00,0.00,0.00,Matches,466fb2c5
559,Joel Randall,eng ENG,MF,Peterborough,21,1999,11,1,247,2.7,0,0,0,0,0,0,0,0,0.00,0.00,0.00,0.00,0.00,Matches,489941ab
560,Joe Rankin-Costello,eng ENG,MFDF,Blackburn,22,1999,10,6,575,6.4,0,0,0,0,0,0,2,0,0.00,0.00,0.00,0.00,0.00,Matches,60f63958
561,Glen Rea,ie IRL,MFDF,Luton Town,26,1994,12,8,704,7.8,0,0,0,0,0,0,3,0,0.00,0.00,0.00,0.00,0.00,Matches,5c3f2f39
562,Adam Reach,eng ENG,MF,West Brom,28,1993,34,21,2008,22.3,2,2,4,2,0,0,2,0,0.09,0.09,0.18,0.09,0.18,Matches,33a2d4dc
563,Tim Ream,us USA,DF,Fulham,33,1987,46,46,4070,45.2,1,2,3,1,0,0,5,0,0.02,0.04,0.07,0.02,0.07,Matches,28b40c9c
564,Harrison Reed,eng ENG,MF,Fulham,26,1995,39,32,2695,29.9,0,2,2,0,0,0,7,0,0.00,0.07,0.07,0.00,0.07,Matches,803ae100
565,Jordan Rhodes,sct SCO,FW,Huddersfield,31,1990,21,6,738,8.2,3,3,6,3,0,0,0,0,0.37,0.37,0.73,0.37,0.73,Matches,3b8b641c
566,Carlos Richards,eng ENG,FW,Derby County,15,2005,1,0,1,0.0,0,0,0,0,0,0,0,0,0.00,0.00,0.00,0.00,0.00,Matches,5d9b5b6d
567,Taylor Richards,eng ENG,MFFW,Birmingham City,20,2000,6,2,223,2.5,0,0,0,0,0,0,1,0,0.00,0.00,0.00,0.00,0.00,Matches,e0243d23
568,Jayden Richardson,eng ENG,DFMF,Nottingham,20,2000,2,0,29,0.3,0,0,0,0,0,0,0,0,0.00,0.00,0.00,0.00,0.00,Matches,bef9db76
569,Emil Riis Jakobsen,dk DEN,FW,Preston,23,1998,44,38,3090,34.3,16,5,21,14,2,2,4,0,0.47,0.15,0.61,0.41,0.55,Matches,292cdb26
570,Andy Rinomhota,zw ZIM,MF,Reading,24,1997,20,19,1604,17.8,0,0,0,0,0,0,3,0,0.00,0.00,0.00,0.00,0.00,Matches,e9bfd3cf
571,Marc Roberts,eng ENG,DF,Birmingham City,31,1990,39,39,3364,37.4,2,2,4,2,0,0,7,0,0.05,0.05,0.11,0.05,0.11,Matches,51907c14
572,Mitchell Roberts,eng ENG,DF,Birmingham City,20,2000,1,1,90,1.0,0,0,0,0,0,0,0,0,0.00,0.00,0.00,0.00,0.00,Matches,c2464b76
573,Antonee Robinson,us USA,DF,Fulham,23,1997,36,33,3029,33.7,2,4,6,2,0,0,6,0,0.06,0.12,0.18,0.06,0.18,Matches,289601e6
574,Callum Robinson,ie IRL,FWMF,West Brom,26,1995,43,26,2394,26.6,7,9,16,7,0,0,2,0,0.26,0.34,0.60,0.26,0.60,Matches,e75750a3
575,Darren Robinson,nir NIR,MF,Derby County,16,2004,1,0,9,0.1,0,0,0,0,0,0,0,0,0.00,0.00,0.00,0.00,0.00,Matches,569525cd
576,Jack Robinson,eng ENG,DF,Sheffield United,27,1993,27,26,2360,26.2,3,1,4,3,0,0,5,0,0.11,0.04,0.15,0.11,0.15,Matches,7399c7a8
577,Ethan Robson,eng ENG,MF,Blackpool,24,1996,2,2,176,2.0,0,0,0,0,0,0,0,0,0.00,0.00,0.00,0.00,0.00,Matches,961a5164
578,Marek Rodák,sk SVK,GK,Fulham,24,1996,33,33,2970,33.0,0,0,0,0,0,0,1,0,0.00,0.00,0.00,0.00,0.00,Matches,17acc2ed
579,Joe Rodwell-Grant,eng ENG,FW,Preston,18,2002,1,0,1,0.0,0,0,0,0,0,0,0,0,0.00,0.00,0.00,0.00,0.00,Matches,d38d66b6
580,Morgan Rogers,eng ENG,MF,Bournemouth,19,2002,15,1,231,2.6,1,0,1,1,0,0,0,0,0.39,0.00,0.39,0.39,0.39,Matches,2e5915f1
581,Mahlon Romeo,ag ATG,MF,Millwall,25,1995,2,2,135,1.5,0,0,0,0,0,0,1,0,0.00,0.00,0.00,0.00,0.00,Matches,fa0a69e4
582,Kelle Roos,nl NED,GK,Derby County,29,1992,18,17,1515,16.8,0,0,0,0,0,0,1,1,0.00,0.00,0.00,0.00,0.00,Matches,b55e1ac0
583,Michael Rose,sct SCO,DF,Coventry City,25,1995,29,24,2225,24.7,3,2,5,3,0,0,1,0,0.12,0.08,0.20,0.12,0.20,Matches,607581fc
584,Joe Rothwell,eng ENG,MF,Blackburn,26,1995,41,36,3153,35.0,3,10,13,3,0,0,8,0,0.09,0.29,0.37,0.09,0.37,Matches,10a10454
585,Aaron Rowe,eng ENG,MF,Huddersfield,20,2000,1,0,12,0.1,0,0,0,0,0,0,0,0,0.00,0.00,0.00,0.00,0.00,Matches,4b6bcb0d
586,Declan Rudd,eng ENG,GK,Preston,30,1991,1,1,12,0.1,0,0,0,0,0,0,0,0,0.00,0.00,0.00,0.00,0.00,Matches,42f4f848
587,Pelly Ruddock Mpanzu,cd COD,MF,Luton Town,28,1993,34,31,2798,31.1,1,2,3,1,0,0,3,0,0.03,0.06,0.10,0.03,0.10,Matches,a9b1c319
588,Josh Ruffels,eng ENG,MFDF,Huddersfield,27,1993,8,2,178,2.0,0,0,0,0,0,0,0,0,0.00,0.00,0.00,0.00,0.00,Matches,01086c66
589,Jonathan Russell,jm JAM,MF,Huddersfield,20,2000,17,15,1376,15.3,2,0,2,2,0,0,2,0,0.13,0.00,0.13,0.13,0.13,Matches,125ddc1e
590,Brice Samba,fr FRA,GK,Nottingham,27,1994,40,40,3594,39.9,0,0,0,0,0,0,6,1,0.00,0.00,0.00,0.00,0.00,Matches,60d90c55
591,Iván Sánchez,es ESP,MF,Birmingham City,28,1992,2,0,25,0.3,0,0,0,0,0,0,0,0,0.00,0.00,0.00,0.00,0.00,Matches,70107d4d
592,Dion Sanderson,eng ENG,DF,Birmingham City,21,1999,15,14,1260,14.0,0,0,0,0,0,0,2,0,0.00,0.00,0.00,0.00,0.00,Matches,b3fa76c5
593,Dion Sanderson,eng ENG,DF,QPR,21,1999,11,10,829,9.2,0,0,0,0,0,0,0,1,0.00,0.00,0.00,0.00,0.00,Matches,b3fa76c5
594,Thomas Sang,eng ENG,DFMF,Cardiff City,22,1999,3,3,222,2.5,0,0,0,0,0,0,0,0,0.00,0.00,0.00,0.00,0.00,Matches,e3d729a6
595,Matija Šarkić,me MNE,GK,Birmingham City,24,1997,23,23,2070,23.0,0,0,0,0,0,0,0,0,0.00,0.00,0.00,0.00,0.00,Matches,a89e7b29
596,Mouhamadou-Naby Sarr,fr FRA,DF,Huddersfield,27,1993,18,14,1256,14.0,3,0,3,3,0,0,3,0,0.21,0.00,0.21,0.21,0.21,Matches,93d62727
597,George Saville,nir NIR,MF,Millwall,28,1993,37,34,3018,33.5,2,2,4,2,0,0,10,0,0.06,0.06,0.12,0.06,0.12,Matches,c4c00019
598,Romaine Sawyers,kn SKN,MF,Stoke City,29,1991,25,19,1739,19.3,2,3,5,2,0,0,2,0,0.10,0.16,0.26,0.10,0.26,Matches,77bb1522
599,Christian Saydee,lr LBR,FWMF,Bournemouth,19,2002,2,0,2,0.0,0,0,0,0,0,0,0,0,0.00,0.00,0.00,0.00,0.00,Matches,af102dc3
600,Allahyar Sayyadmanesh,ir IRN,FWMF,Hull City,20,2001,12,6,539,6.0,1,0,1,1,0,0,0,0,0.17,0.00,0.17,0.17,0.17,Matches,2a74db8a
601,Ryan Schofield,eng ENG,GK,Huddersfield,21,1999,2,2,180,2.0,0,0,0,0,0,0,0,0,0.00,0.00,0.00,0.00,0.00,Matches,74947a21
602,Alex Scott,eng ENG,MF,Bristol City,17,2003,38,35,2750,30.6,4,2,6,4,0,0,11,0,0.13,0.07,0.20,0.13,0.20,Matches,104d0bb8
603,James Scott,sct SCO,FW,Hull City,20,2000,1,0,1,0.0,0,0,0,0,0,0,0,0,0.00,0.00,0.00,0.00,0.00,Matches,e287b1d1
604,Rashawn Scott,eng ENG,MF,Reading,17,2004,1,0,17,0.2,0,0,0,0,0,0,0,0,0.00,0.00,0.00,0.00,0.00,Matches,c242f4b6
605,Antoine Semenyo,gh GHA,FW,Bristol City,21,2000,31,24,2131,23.7,8,12,20,8,0,0,8,0,0.34,0.51,0.84,0.34,0.84,Matches,efd2ec23
606,Jean Seri,ci CIV,MF,Fulham,30,1991,33,26,2196,24.4,1,6,7,1,0,0,2,0,0.04,0.25,0.29,0.04,0.29,Matches,10efd0e1
607,Femi Seriki,eng ENG,MF,Sheffield United,19,2002,1,1,66,0.7,0,0,0,0,0,0,0,0,0.00,0.00,0.00,0.00,0.00,Matches,e4e0deaa
608,Billy Sharp,eng ENG,FW,Sheffield United,35,1986,39,30,2693,29.9,14,7,21,11,3,4,4,0,0.47,0.23,0.70,0.37,0.60,Matches,e8c9f4e9
609,James Shea,eng ENG,GK,Luton Town,30,1991,19,19,1664,18.5,0,0,0,0,0,0,1,0,0.00,0.00,0.00,0.00,0.00,Matches,ee7c0a5e
610,Ben Sheaf,eng ENG,MF,Coventry City,23,1998,35,33,2889,32.1,2,3,5,2,0,0,6,0,0.06,0.09,0.16,0.06,0.16,Matches,7b4a62af
611,Graeme Shinnie,sct SCO,MF,Derby County,29,1991,21,21,1817,20.2,1,3,4,1,0,0,6,0,0.05,0.15,0.20,0.05,0.20,Matches,6ddea288
612,Jordan Shipley,ie IRL,MF,Coventry City,23,1997,11,8,609,6.8,1,0,1,1,0,0,1,0,0.15,0.00,0.15,0.15,0.15,Matches,3c13cd5d
613,Toby Sibbick,ug UGA,DFMF,Barnsley,22,1999,12,11,949,10.5,1,0,1,1,0,0,1,0,0.09,0.00,0.09,0.09,0.09,Matches,90359f26
614,Louie Sibley,eng ENG,MF,Derby County,19,2001,26,11,1115,12.4,1,0,1,1,0,0,5,0,0.08,0.00,0.08,0.08,0.08,Matches,c03348f6
615,Xande Silva,pt POR,MFFW,Nottingham,24,1997,8,2,238,2.6,0,1,1,0,0,0,0,0,0.00,0.38,0.38,0.00,0.38,Matches,15d561fa
616,Abdallah Sima,sn SEN,FW,Stoke City,20,2001,2,1,73,0.8,0,0,0,0,0,0,0,0,0.00,0.00,0.00,0.00,0.00,Matches,fdbde523
617,Danny Simpson,eng ENG,DF,Bristol City,34,1987,3,2,231,2.6,0,0,0,0,0,0,2,0,0.00,0.00,0.00,0.00,0.00,Matches,3201b03d
618,Danel Sinani,lu LUX,FWMF,Huddersfield,24,1997,39,31,2460,27.3,6,3,9,6,0,0,0,0,0.22,0.11,0.33,0.22,0.33,Matches,96ddfa79
619,Scott Sinclair,eng ENG,FWMF,Preston,32,1989,23,6,739,8.2,0,0,0,0,0,0,2,0,0.00,0.00,0.00,0.00,0.00,Matches,273c483b
620,Regan Slater,eng ENG,MF,Hull City,21,1999,16,12,1043,11.6,0,1,1,0,0,0,2,0,0.00,0.09,0.09,0.00,0.09,Matches,ba4d4908
621,Simon Sluga,hr CRO,GK,Luton Town,28,1993,19,19,1710,19.0,0,0,0,0,0,0,1,0,0.00,0.00,0.00,0.00,0.00,Matches,5a5d394c
622,Richard Smallwood,eng ENG,MF,Hull City,30,1990,42,40,3417,38.0,2,2,4,2,0,0,10,0,0.05,0.05,0.11,0.05,0.11,Matches,c2c0306f
623,Adam Smith,eng ENG,DF,Bournemouth,30,1991,20,20,1711,19.0,0,2,2,0,0,0,5,1,0.00,0.11,0.11,0.00,0.11,Matches,20b104bc
624,Korey Smith,eng ENG,MF,Swansea City,30,1991,35,21,1867,20.7,0,3,3,0,0,0,6,0,0.00,0.14,0.14,0.00,0.14,Matches,b80dbb09
625,Matt Smith,eng ENG,FWMF,Millwall,32,1989,21,6,708,7.9,1,1,2,1,0,0,2,0,0.13,0.13,0.25,0.13,0.25,Matches,2d44ca9b
626,Matthew Smith,wls WAL,MF,Hull City,21,1999,9,6,550,6.1,0,0,0,0,0,0,0,0,0.00,0.00,0.00,0.00,0.00,Matches,bb095d7f
627,Tommy Smith,eng ENG,MFDF,Stoke City,29,1992,32,30,2684,29.8,1,6,7,1,0,0,6,1,0.03,0.20,0.23,0.03,0.23,Matches,e9208654
628,Tyler Smith,eng ENG,FW,Hull City,22,1998,23,7,831,9.2,1,1,2,1,0,0,1,0,0.11,0.11,0.22,0.11,0.22,Matches,c4cd16e5
629,Alex Smithies,eng ENG,GK,Cardiff City,31,1990,29,29,2610,29.0,0,0,0,0,0,0,2,0,0.00,0.00,0.00,0.00,0.00,Matches,bb91617c
630,Robert Snodgrass,sct SCO,MF,West Brom,33,1987,6,4,391,4.3,0,0,0,0,0,0,3,0,0.00,0.00,0.00,0.00,0.00,Matches,9f4647e9
631,Robert Snodgrass,sct SCO,MF,Luton Town,33,1987,8,4,413,4.6,0,1,1,0,0,0,1,0,0.00,0.22,0.22,0.00,0.22,Matches,9f4647e9
632,Dominic Solanke,eng ENG,FW,Bournemouth,23,1997,46,46,4086,45.4,29,7,36,25,4,5,6,0,0.64,0.15,0.79,0.55,0.70,Matches,e77dc3b2
633,Luke Southwood,nir NIR,GK,Reading,23,1997,25,25,2250,25.0,0,0,0,0,0,0,1,0,0.00,0.00,0.00,0.00,0.00,Matches,7076b0a6
634,Harry Souttar,au AUS,DF,Stoke City,22,1998,16,16,1427,15.9,0,0,0,0,0,0,3,0,0.00,0.00,0.00,0.00,0.00,Matches,0a6cb1b1
635,Tom Sparrow,wls WAL,MF,Stoke City,18,2003,1,1,90,1.0,0,0,0,0,0,0,0,0,0.00,0.00,0.00,0.00,0.00,Matches,15ac4aee
636,Djed Spence,eng ENG,MFDF,Nottingham,20,2000,39,38,3410,37.9,2,4,6,2,0,0,4,0,0.05,0.11,0.16,0.05,0.16,Matches,9bc9a519
637,Djed Spence,eng ENG,MFFW,Middlesbrough,20,2000,3,2,211,2.3,0,0,0,0,0,0,0,0,0.00,0.00,0.00,0.00,0.00,Matches,9bc9a519
638,Andraž Šporar,si SVN,FW,Middlesbrough,27,1994,35,28,2371,26.3,8,2,10,5,3,3,3,0,0.30,0.08,0.38,0.19,0.27,Matches,878f0921
639,Jason Sraha,eng ENG,DF,Barnsley,18,2002,2,2,180,2.0,0,0,0,0,0,0,0,0,0.00,0.00,0.00,0.00,0.00,Matches,96214dd1
640,Jack Stacey,eng ENG,DF,Bournemouth,25,1996,25,24,2129,23.7,0,2,2,0,0,0,5,0,0.00,0.08,0.08,0.00,0.08,Matches,558807c0
641,Junior Stanislas,eng ENG,MF,Bournemouth,31,1989,7,2,180,2.0,0,2,2,0,0,0,0,0,0.00,1.00,1.00,0.00,1.00,Matches,6992791d
642,Jay Stansfield,eng ENG,FWMF,Fulham,18,2002,1,0,1,0.0,0,0,0,0,0,0,0,0,0.00,0.00,0.00,0.00,0.00,Matches,b2626673
643,Richard Stearman,eng ENG,DF,Derby County,33,1987,14,10,788,8.8,0,1,1,0,0,0,3,1,0.00,0.11,0.11,0.00,0.11,Matches,9a3a436e
644,Jed Steer,eng ENG,GK,Luton Town,28,1992,3,3,270,3.0,0,0,0,0,0,0,0,0,0.00,0.00,0.00,0.00,0.00,Matches,a8a3d139
645,Dujon Sterling,eng ENG,DF,Blackpool,21,1999,24,22,2015,22.4,0,0,0,0,0,0,2,0,0.00,0.00,0.00,0.00,0.00,Matches,54dd7308
646,Enda Stevens,ie IRL,MFDF,Sheffield United,31,1990,22,21,1876,20.8,1,3,4,1,0,0,5,0,0.05,0.14,0.19,0.05,0.19,Matches,17d4507a
647,Kevin Stewart,jm JAM,MF,Blackpool,27,1993,12,10,877,9.7,0,2,2,0,0,0,2,0,0.00,0.21,0.21,0.00,0.21,Matches,ff674795
648,Michael Stickland,eng ENG,DF,Reading,18,2002,1,0,1,0.0,0,0,0,0,0,0,0,0,0.00,0.00,0.00,0.00,0.00,Matches,dfe059f0
649,Jordan Storey,eng ENG,DF,Preston,23,1997,17,15,1445,16.1,0,1,1,0,0,0,3,0,0.00,0.06,0.06,0.00,0.06,Matches,fa47f160
650,Jack Stretton,eng ENG,FW,Derby County,19,2001,9,1,295,3.3,1,0,1,1,0,0,1,0,0.31,0.00,0.31,0.31,0.31,Matches,e462fbb9
651,Callum Styles,hu HUN,MF,Barnsley,21,2000,43,40,3493,38.8,3,1,4,3,0,0,3,0,0.08,0.03,0.10,0.08,0.10,Matches,e96d5560
652,Ivan Šunjić,ba BIH,MF,Birmingham City,24,1996,41,33,3068,34.1,3,2,5,3,0,0,8,0,0.09,0.06,0.15,0.09,0.15,Matches,e18098de
653,Sam Surridge,eng ENG,FW,Nottingham,23,1998,17,5,623,6.9,7,1,8,7,0,0,2,0,1.01,0.14,1.16,1.01,1.16,Matches,b017b770
654,Sam Surridge,eng ENG,FW,Stoke City,23,1998,20,6,696,7.7,2,1,3,2,0,1,3,1,0.26,0.13,0.39,0.26,0.39,Matches,b017b770
655,John Swift,eng ENG,MF,Reading,26,1995,38,36,3281,36.5,11,13,24,8,3,3,6,0,0.30,0.36,0.66,0.22,0.58,Matches,646ee278
656,Sammie Szmodics,ie IRL,MFFW,Peterborough,25,1995,36,26,2388,26.5,6,1,7,6,0,0,4,0,0.23,0.04,0.26,0.23,0.26,Matches,39944392
657,George Tanner,eng ENG,DFMF,Bristol City,21,1999,13,11,962,10.7,1,0,1,1,0,0,0,0,0.09,0.00,0.09,0.09,0.09,Matches,8f9c9b14
658,Fabio Tavares,eng ENG,FW,Coventry City,20,2001,7,0,90,1.0,1,0,1,1,0,0,0,0,1.00,0.00,1.00,1.00,1.00,Matches,8e24902a
659,Marcus Tavernier,eng ENG,MF,Middlesbrough,22,1999,44,43,3903,43.4,5,5,10,5,0,0,7,0,0.12,0.12,0.23,0.12,0.23,Matches,5c0da4a4
660,Caleb Taylor,eng ENG,DF,West Brom,18,2003,1,0,29,0.3,0,0,0,0,0,0,0,0,0.00,0.00,0.00,0.00,0.00,Matches,4ed3f5c4
661,Jack Taylor,ie IRL,MF,Peterborough,23,1998,34,29,2578,28.6,2,1,3,2,0,0,4,0,0.07,0.03,0.10,0.07,0.10,Matches,48eed8d5
662,Joe Taylor,wls WAL,FW,Peterborough,18,2002,4,0,38,0.4,0,0,0,0,0,0,0,0,0.00,0.00,0.00,0.00,0.00,Matches,bfd3801e
663,Lyle Taylor,ms MSR,FW,Nottingham,31,1990,18,8,795,8.8,3,1,4,2,1,1,3,0,0.34,0.11,0.45,0.23,0.34,Matches,3e80e04e
664,Lyle Taylor,ms MSR,FW,Birmingham City,31,1990,14,14,1230,13.7,5,1,6,3,2,2,3,0,0.37,0.07,0.44,0.22,0.29,Matches,3e80e04e
665,Neil Taylor,wls WAL,MF,Middlesbrough,32,1989,14,14,1104,12.3,0,0,0,0,0,0,3,0,0.00,0.00,0.00,0.00,0.00,Matches,c2f9d19f
666,Kenny Tete,nl NED,DF,Fulham,25,1995,20,15,1342,14.9,2,1,3,2,0,0,1,0,0.13,0.07,0.20,0.13,0.20,Matches,77d7c96f
667,Dejan Tetek,rs SRB,DFMF,Reading,18,2002,10,5,446,5.0,0,0,0,0,0,0,2,0,0.00,0.00,0.00,0.00,0.00,Matches,0eb32994
668,George Thomas,wls WAL,MFFW,QPR,24,1997,20,6,610,6.8,0,2,2,0,0,0,0,0,0.00,0.30,0.30,0.00,0.30,Matches,7ef24097
669,Sorba Thomas,wls WAL,MFFW,Huddersfield,21,1999,43,42,3635,40.4,3,11,14,3,0,0,10,0,0.07,0.27,0.35,0.07,0.35,Matches,8725a42e
670,Terell Thomas,lc LCA,DF,Reading,25,1995,2,2,153,1.7,0,0,0,0,0,0,0,0,0.00,0.00,0.00,0.00,0.00,Matches,d41d3d7b
671,Ben Thompson,eng ENG,MF,Millwall,25,1995,2,0,46,0.5,0,0,0,0,0,0,0,0,0.00,0.00,0.00,0.00,0.00,Matches,ed8c9785
672,Cameron Thompson,eng ENG,FW,Barnsley,21,2000,1,0,3,0.0,0,0,0,0,0,0,0,0,0.00,0.00,0.00,0.00,0.00,Matches,14d23f4e
673,Jordan Thompson,nir NIR,MF,Stoke City,24,1997,18,12,1000,11.1,0,0,0,0,0,0,4,0,0.00,0.00,0.00,0.00,0.00,Matches,6bf53300
674,Liam Thompson,eng ENG,MF,Derby County,19,2002,23,19,1519,16.9,0,0,0,0,0,0,4,0,0.00,0.00,0.00,0.00,0.00,Matches,d38506fe
675,Nathan Thompson,eng ENG,DFMF,Peterborough,30,1990,27,27,2429,27.0,1,0,1,1,0,0,8,0,0.04,0.00,0.04,0.04,0.04,Matches,89a323f2
676,Jordan Thorniley,eng ENG,DF,Blackpool,24,1996,14,12,1056,11.7,0,1,1,0,0,0,0,0,0.00,0.09,0.09,0.00,0.09,Matches,3292caee
677,Harry Toffolo,eng ENG,MFDF,Huddersfield,25,1995,42,40,3560,39.6,6,7,13,6,0,0,4,0,0.15,0.18,0.33,0.15,0.33,Matches,a105d46a
678,Joe Tomlinson,eng ENG,MFDF,Peterborough,21,2000,5,3,297,3.3,0,0,0,0,0,0,0,0,0.00,0.00,0.00,0.00,0.00,Matches,6b5e3b10
679,Ryley Towler,eng ENG,DF,Bristol City,20,2001,1,1,45,0.5,0,0,0,0,0,0,1,0,0.00,0.00,0.00,0.00,0.00,Matches,108f0a72
680,Conor Townsend,eng ENG,MFDF,West Brom,28,1993,43,43,3773,41.9,0,2,2,0,0,0,3,0,0.00,0.05,0.05,0.00,0.05,Matches,4dc4f138
681,Mark Travers,ie IRL,GK,Bournemouth,22,1999,45,45,4050,45.0,0,0,0,0,0,0,3,0,0.00,0.00,0.00,0.00,0.00,Matches,fe558029
682,Lewis Travis,eng ENG,MF,Blackburn,23,1997,45,45,3987,44.3,1,1,2,1,0,0,10,0,0.02,0.02,0.05,0.02,0.05,Matches,33928d3a
683,Connal Trueman,eng ENG,GK,Birmingham City,25,1996,1,0,21,0.2,0,0,0,0,0,0,0,0,0.00,0.00,0.00,0.00,0.00,Matches,f71762fc
684,Rayhaan Tulloch,eng ENG,FWMF,West Brom,20,2001,2,0,12,0.1,0,0,0,0,0,0,0,0,0.00,0.00,0.00,0.00,0.00,Matches,bddd8ba3
685,Oliver Turton,eng ENG,DFMF,Huddersfield,28,1992,40,25,2542,28.2,0,1,1,0,0,0,4,0,0.00,0.04,0.04,0.00,0.04,Matches,01753a47
686,Josh Tymon,eng ENG,MFDF,Stoke City,22,1999,44,44,3854,42.8,1,4,5,1,0,0,7,0,0.02,0.09,0.12,0.02,0.12,Matches,efe6f6ac
687,Filip Uremović,hr CRO,DF,Sheffield United,24,1997,3,3,197,2.2,0,0,0,0,0,0,1,0,0.00,0.00,0.00,0.00,0.00,Matches,af842091
688,Jack Vale,wls WAL,FW,Blackburn,20,2001,2,0,21,0.2,0,0,0,0,0,0,0,0,0.00,0.00,0.00,0.00,0.00,Matches,6000a82f
689,Álex Vallejo,es ESP,MF,Huddersfield,29,1992,5,2,151,1.7,1,0,1,1,0,0,0,0,0.60,0.00,0.60,0.60,0.60,Matches,017b4247
690,Will Vaulks,wls WAL,MF,Cardiff City,27,1993,36,23,2101,23.3,2,2,4,1,1,1,8,0,0.09,0.09,0.17,0.04,0.13,Matches,7760b885
691,Michael Verrips,nl NED,GK,Sheffield United,24,1996,1,1,90,1.0,0,0,0,0,0,0,0,0,0.00,0.00,0.00,0.00,0.00,Matches,424595d5
692,Matty Virtue,eng ENG,MF,Blackpool,24,1997,3,1,153,1.7,0,0,0,0,0,0,1,0,0.00,0.00,0.00,0.00,0.00,Matches,a2447ed2
693,Rémy Vita,km COM,DFMF,Barnsley,20,2001,19,18,1513,16.8,0,1,1,0,0,0,1,0,0.00,0.06,0.06,0.00,0.06,Matches,438c6082
694,Mario Vrančić,ba BIH,MF,Stoke City,32,1989,30,24,2031,22.6,3,5,8,3,0,1,3,0,0.13,0.22,0.35,0.13,0.35,Matches,16fa6881
695,Zak Vyner,ke KEN,DF,Bristol City,24,1997,22,19,1767,19.6,0,1,1,0,0,0,0,0,0.00,0.05,0.05,0.00,0.05,Matches,a8fe5a96
696,Martyn Waghorn,eng ENG,FW,Coventry City,31,1990,27,11,1165,12.9,1,2,3,1,0,0,1,0,0.08,0.15,0.23,0.08,0.23,Matches,8ebea784
697,Tyler Walker,eng ENG,FW,Coventry City,24,1996,19,4,505,5.6,2,0,2,2,0,0,0,0,0.36,0.00,0.36,0.36,0.36,Matches,6625dc22
698,Jed Wallace,eng ENG,MFFW,Millwall,27,1994,38,33,3069,34.1,6,12,18,5,1,3,3,0,0.18,0.35,0.53,0.15,0.50,Matches,45194ce9
699,Lee Wallace,sct SCO,MF,QPR,33,1987,21,21,1605,17.8,0,2,2,0,0,0,4,0,0.00,0.11,0.11,0.00,0.11,Matches,c3a396e2
700,Murray Wallace,sct SCO,DFMF,Millwall,28,1993,42,42,3711,41.2,4,1,5,4,0,0,7,0,0.10,0.02,0.12,0.10,0.12,Matches,1724d97e
701,Liam Walsh,eng ENG,MF,Hull City,23,1997,3,1,122,1.4,0,0,0,0,0,0,0,0,0.00,0.00,0.00,0.00,0.00,Matches,e7563cb6
702,Liam Walsh,eng ENG,MF,Swansea City,23,1997,5,1,138,1.5,0,0,0,0,0,0,1,0,0.00,0.00,0.00,0.00,0.00,Matches,e7563cb6
703,Jack Walton,eng ENG,GK,Barnsley,23,1998,7,6,607,6.7,0,0,0,0,0,0,0,0,0.00,0.00,0.00,0.00,0.00,Matches,3df50652
704,Danny Ward,eng ENG,FW,Huddersfield,29,1991,40,37,2861,31.8,14,3,17,14,0,1,1,0,0.44,0.09,0.53,0.44,0.53,Matches,cfb29823
705,Grant Ward,eng ENG,MF,Blackpool,26,1994,4,4,334,3.7,0,0,0,0,0,0,0,0,0.00,0.00,0.00,0.00,0.00,Matches,1a1d5424
706,Joe Ward,eng ENG,MFFW,Peterborough,25,1995,38,31,2746,30.5,0,3,3,0,0,0,3,1,0.00,0.10,0.10,0.00,0.10,Matches,22f621af
707,Duncan Watmore,eng ENG,FW,Middlesbrough,27,1994,41,22,1966,21.8,7,3,10,7,0,0,1,0,0.32,0.14,0.46,0.32,0.46,Matches,2b2bae51
708,Louie Watson,ie IRL,MF,Derby County,20,2001,4,3,233,2.6,0,0,0,0,0,0,1,0,0.00,0.00,0.00,0.00,0.00,Matches,d4f63087
709,Max Watters,eng ENG,FW,Cardiff City,22,1999,8,5,327,3.6,1,0,1,1,0,0,0,0,0.28,0.00,0.28,0.28,0.28,Matches,a10387a2
710,Andreas Weimann,at AUT,MFFW,Bristol City,29,1991,46,46,4114,45.7,22,10,32,22,0,0,7,0,0.48,0.22,0.70,0.48,0.70,Matches,5996ffd9
711,Nahki Wells,bm BER,FW,Bristol City,31,1990,32,7,1192,13.2,3,1,4,3,0,0,3,0,0.23,0.08,0.30,0.23,0.30,Matches,b070482d
712,Keiren Westwood,ie IRL,GK,QPR,36,1984,6,6,540,6.0,0,0,0,0,0,0,0,0,0.00,0.00,0.00,0.00,0.00,Matches,674ef042
713,Scott Wharton,eng ENG,DF,Blackburn,23,1997,30,30,2666,29.6,2,0,2,2,0,0,6,0,0.07,0.00,0.07,0.07,0.07,Matches,416e078e
714,Ben Whiteman,eng ENG,MF,Preston,25,1996,44,42,3642,40.5,4,4,8,4,0,1,13,0,0.10,0.10,0.20,0.10,0.20,Matches,7b69e7cc
715,Morgan Whittaker,eng ENG,FWMF,Swansea City,20,2001,6,0,82,0.9,0,0,0,0,0,0,0,0,0.00,0.00,0.00,0.00,0.00,Matches,d3d49142
716,Connor Wickham,eng ENG,FWMF,Preston,28,1993,1,0,26,0.3,0,0,0,0,0,0,0,0,0.00,0.00,0.00,0.00,0.00,Matches,41cc19c2
717,Jordy de Wijs,nl NED,DF,QPR,26,1995,12,11,887,9.9,0,1,1,0,0,0,0,0,0.00,0.10,0.10,0.00,0.10,Matches,3bb5b5d2
718,Mallik Wilks,eng ENG,MFFW,Hull City,22,1998,20,17,1352,15.0,3,1,4,3,0,0,2,0,0.20,0.07,0.27,0.20,0.27,Matches,f2639dc1
719,Ben Williams,wls WAL,MF,Barnsley,22,1999,5,5,350,3.9,0,0,0,0,0,0,0,0,0.00,0.00,0.00,0.00,0.00,Matches,7410e1e8
720,Dylan Williams,eng ENG,MF,Derby County,17,2003,6,2,243,2.7,0,0,0,0,0,0,1,0,0.00,0.00,0.00,0.00,0.00,Matches,2af63f70
721,Joe Williams,eng ENG,MF,Bristol City,24,1996,22,13,1252,13.9,0,2,2,0,0,0,8,0,0.00,0.14,0.14,0.00,0.14,Matches,44c38f2e
722,Jordan Williams,eng ENG,DFMF,Barnsley,21,1999,21,17,1576,17.5,0,0,0,0,0,0,1,0,0.00,0.00,0.00,0.00,0.00,Matches,686e3e0b
723,Neco Williams,wls WAL,DF,Fulham,20,2001,14,14,1192,13.2,2,2,4,2,0,0,2,0,0.15,0.15,0.30,0.15,0.30,Matches,dd323728
724,Randell Williams,eng ENG,MF,Hull City,24,1996,13,4,474,5.3,0,0,0,0,0,0,0,0,0.00,0.00,0.00,0.00,0.00,Matches,18a15e5e
725,Rhys Williams,eng ENG,DF,Swansea City,20,2001,5,4,296,3.3,0,0,0,0,0,0,0,0,0.00,0.00,0.00,0.00,0.00,Matches,012c975a
726,Chris Willock,eng ENG,MFFW,QPR,23,1998,35,33,2763,30.7,7,11,18,7,0,0,1,0,0.23,0.36,0.59,0.23,0.59,Matches,be0bd828
727,Ben Wilmot,eng ENG,DF,Stoke City,21,1999,35,31,2844,31.6,1,3,4,1,0,0,10,0,0.03,0.09,0.13,0.03,0.13,Matches,2876eaa3
728,Ben Wilson,eng ENG,GK,Coventry City,28,1992,5,5,450,5.0,0,0,0,0,0,0,0,0,0.00,0.00,0.00,0.00,0.00,Matches,0118dd71
729,Harry Wilson,wls WAL,MF,Fulham,24,1997,41,40,3476,38.6,10,19,29,10,0,0,6,1,0.26,0.49,0.75,0.26,0.75,Matches,c6dc9ecd
730,Ryan Wintle,eng ENG,MF,Cardiff City,24,1997,23,20,1822,20.2,0,1,1,0,0,0,4,0,0.00,0.05,0.05,0.00,0.05,Matches,fb0fb628
731,Ryan Wintle,eng ENG,MF,Blackpool,24,1997,18,18,1607,17.9,0,0,0,0,0,0,3,0,0.00,0.00,0.00,0.00,0.00,Matches,fb0fb628
732,Hannes Wolf,at AUT,MF,Swansea City,22,1999,19,18,1548,17.2,2,4,6,2,0,0,5,0,0.12,0.23,0.35,0.12,0.35,Matches,be42a291
733,Matthew Wolfe,eng ENG,MF,Barnsley,21,2000,16,13,1075,11.9,0,1,1,0,0,0,5,0,0.00,0.08,0.08,0.00,0.08,Matches,e48780c8
734,Cauley Woodrow,eng ENG,FW,Barnsley,26,1994,28,25,2262,25.1,4,1,5,3,1,1,3,0,0.16,0.04,0.20,0.12,0.16,Matches,d3085b49
735,Ryan Woods,eng ENG,MF,Birmingham City,27,1993,30,25,2318,25.8,0,2,2,0,0,0,5,1,0.00,0.08,0.08,0.00,0.08,Matches,ebf5f33d
736,Joe Worrall,eng ENG,DF,Nottingham,24,1997,39,39,3510,39.0,0,1,1,0,0,0,8,0,0.00,0.03,0.03,0.00,0.03,Matches,a5212312
737,D'Margio Wright-Phillips,gd GRN,FWMF,Stoke City,19,2001,10,6,498,5.5,1,0,1,1,0,0,0,0,0.18,0.00,0.18,0.18,0.18,Matches,14c7f64a
738,Jerry Yates,eng ENG,FW,Blackpool,24,1996,39,23,2059,22.9,8,3,11,5,3,3,4,0,0.35,0.13,0.48,0.22,0.35,Matches,637047f7
739,Ryan Yates,eng ENG,MF,Nottingham,23,1997,43,41,3674,40.8,8,0,8,8,0,0,8,0,0.20,0.00,0.20,0.20,0.20,Matches,c1fe2a48
740,Andy Yiadom,gh GHA,DF,Reading,29,1991,38,38,3364,37.4,1,2,3,1,0,0,7,0,0.03,0.05,0.08,0.03,0.08,Matches,be950e35
741,Deyovaisio Zeefuik,nl NED,MFFW,Blackburn,23,1998,6,4,282,3.1,0,0,0,0,0,0,0,0,0.00,0.00,0.00,0.00,0.00,Matches,58a2e9f6
742,Jordan Zemura,zw ZIM,DF,Bournemouth,21,1999,33,32,2912,32.4,3,1,4,3,0,0,6,0,0.09,0.03,0.12,0.09,0.12,Matches,e8271ad9
743,Chanka Zimba,zm ZAM,FW,Cardiff City,19,2001,1,1,45,0.5,0,0,0,0,0,0,0,0,0.00,0.00,0.00,0.00,0.00,Matches,343d80bb
744,Philip Zinckernagel,dk DEN,MFFW,Nottingham,26,1994,42,35,2860,31.8,6,7,13,6,0,0,5,0,0.19,0.22,0.41,0.19,0.41,Matches,a5ea254c
745,Kenneth Zohore,dk DEN,FW,West Brom,27,1994,2,0,24,0.3,0,0,0,0,0,0,1,0,0.00,0.00,0.00,0.00,0.00,Matches,5e508d0d
746,Leo Østigård,no NOR,DF,Stoke City,21,1999,13,12,1101,12.2,1,0,1,1,0,0,4,0,0.08,0.00,0.08,0.08,0.08,Matches,b35a7399