,,,,,,,Playing Time,Playing Time,Playing Time,Playing Time,Performance,Performance,Performance,Performance,Performance,Performance,Performance,Performance,Per 90 Minutes,Per 90 Minutes,Per 90 Minutes,Per 90 Minutes,Per 90 Minutes,-additional
Rk,Player,Nation,Pos,Squad,Age,Born,MP,Starts,Min,90s,Gls,Ast,G+A,G-PK,PK,PKatt,CrdY,CrdR,Gls,Ast,G+A,G-PK,G+A-PK,-9999
1,Brad Abbott,eng ENG,MF,Chester,19,1994,16,15,1221,13.6,1,0,1,1,0,0,2,0,0.07,0.00,0.07,0.07,0.07,d6fa48c0
2,Charlee Adams,eng ENG,DFFW,Lincoln City,19,1995,14,14,1194,13.3,2,0,2,2,0,0,2,0,0.15,0.00,0.15,0.15,0.15,7d80136e
3,Ebou Adams,gm GAM,DFMF,Dartford,18,1996,4,1,135,1.5,0,0,0,0,0,0,1,1,0.00,0.00,0.00,0.00,0.00,84d7ae33
4,Simon Ainge,eng ENG,DF,FC Halifax Town,26,1988,16,13,1201,13.3,1,0,1,1,0,0,4,1,0.07,0.00,0.07,0.07,0.07,0fc0fbab
5,Toby Ajala,eng ENG,FWMF,Torquay United,22,1991,45,37,3422,38.0,5,7,12,5,0,0,8,1,0.13,0.18,0.32,0.13,0.32,6186eead
6,John Akinde,eng ENG,FW,Barnet,25,1989,45,45,3811,42.3,31,4,35,20,11,12,10,1,0.73,0.09,0.83,0.47,0.57,93a09a47
7,Sam Akinde,eng ENG,FW,Welling United,21,1993,3,0,42,0.5,0,0,0,0,0,0,0,0,0.00,0.00,0.00,0.00,0.00,b9f435bf
8,Simeon Akinola,eng ENG,FW,Braintree Town,21,1992,38,33,3016,33.5,4,5,9,4,0,0,1,0,0.12,0.15,0.27,0.12,0.27,e48edc45
9,Tom Allan,eng ENG,DF,Gateshead,19,1994,20,10,1098,12.2,1,0,1,1,0,0,4,0,0.08,0.00,0.08,0.08,0.08,3cc20c9f
10,Louis Almond,eng ENG,FW,Southport,22,1992,7,3,416,4.6,1,0,1,1,0,0,1,0,0.22,0.00,0.22,0.22,0.22,db14c0bc
11,Tom Anderson,eng ENG,DF,Lincoln City,20,1993,6,6,475,5.3,1,0,1,1,0,0,1,0,0.19,0.00,0.19,0.19,0.19,76e8c264
12,Nick Anderton,eng ENG,DF,Gateshead,18,1996,4,4,360,4.0,0,0,0,0,0,0,1,0,0.00,0.00,0.00,0.00,0.00,cb03c4d4
13,Nathan Arnold,eng ENG,FWMF,Grimsby Town,27,1987,31,26,2364,26.3,4,8,12,4,0,0,1,0,0.15,0.30,0.46,0.15,0.46,4966b48d
14,Nick Arnold,eng ENG,DF,Woking,21,1993,2,0,36,0.4,0,0,0,0,0,0,0,0,0.00,0.00,0.00,0.00,0.00,bf6a1d15
15,Steve Arnold,eng ENG,GK,Forest Green,24,1989,12,12,1080,12.0,0,0,0,0,0,0,1,0,0.00,0.00,0.00,0.00,0.00,8c0d375b
16,Chris Arthur,eng ENG,DFMF,Woking,24,1990,43,41,3722,41.4,0,3,3,0,0,0,7,0,0.00,0.07,0.07,0.00,0.07,0ca137fd
17,Akwasi Asante,eng ENG,FW,Harriers,21,1992,10,1,276,3.1,0,0,0,0,0,0,1,0,0.00,0.00,0.00,0.00,0.00,d19fc4bd
18,Neil Ashton,eng ENG,DFMF,Wrexham,29,1985,39,39,3477,38.6,1,2,3,1,0,0,7,0,0.03,0.05,0.08,0.03,0.08,602ab267
19,Thierry Audel,fr FRA,DF,Lincoln City,27,1987,3,3,223,2.5,0,0,0,0,0,0,0,0,0.00,0.00,0.00,0.00,0.00,b3ff6173
20,Thierry Audel,fr FRA,DF,Macclesfield,27,1987,12,12,1080,12.0,2,0,2,2,0,0,1,0,0.17,0.00,0.17,0.17,0.17,b3ff6173
21,Mitch Austin,au AUS,MF,Southport,23,1991,8,6,513,5.7,0,1,1,0,0,0,1,0,0.00,0.18,0.18,0.00,0.18,720194ad
22,Daniel Bachmann,at AUT,GK,Wrexham,20,1994,15,15,1350,15.0,0,0,0,0,0,0,1,0,0.00,0.00,0.00,0.00,0.00,1c0eea98
23,Michael Bakare,eng ENG,FWMF,Braintree Town,27,1986,11,2,314,3.5,1,0,1,1,0,0,1,0,0.29,0.00,0.29,0.29,0.29,c87cfb5e
24,Amadou Bakayoko,sl SLE,FW,Southport,18,1996,11,4,472,5.2,2,0,2,2,0,0,0,0,0.38,0.00,0.38,0.38,0.38,7831875a
25,Courtney Baker-Richardson,eng ENG,FW,Nuneaton Town,18,1995,2,0,106,1.2,0,0,0,0,0,0,0,0,0.00,0.00,0.00,0.00,0.00,3e2edcd1
26,Ángelo Balanta,co COL,FWMF,Bristol Rovers,24,1990,16,3,529,5.9,1,1,2,1,0,0,0,0,0.17,0.17,0.34,0.17,0.34,91f37c8f
27,Charles Banya,eng ENG,MF,Woking,20,1993,9,3,286,3.2,1,0,1,1,0,0,0,0,0.31,0.00,0.31,0.31,0.31,dd4ae02c
28,Chris Barker,eng ENG,DF,Aldershot Town,34,1980,32,31,2731,30.3,0,0,0,0,0,0,1,0,0.00,0.00,0.00,0.00,0.00,c67c2a68
29,Matthew Barnes-Homer,eng ENG,FW,Macclesfield,28,1986,30,23,2244,24.9,9,0,9,9,0,0,1,0,0.36,0.00,0.36,0.36,0.36,86e174e7
30,Charlie Barnett,eng ENG,MF,Telford United,25,1988,16,9,814,9.0,0,0,0,0,0,0,1,0,0.00,0.00,0.00,0.00,0.00,9eb6ca3e
31,Marcel Barrington,gy GUY,FW,Nuneaton Town,18,1995,4,1,177,2.0,1,0,1,1,0,0,1,0,0.51,0.00,0.51,0.51,0.51,cbdd1654
32,Scott Barrow,wls WAL,DF,Macclesfield,25,1988,38,37,3367,37.4,2,5,7,2,0,0,3,0,0.05,0.13,0.19,0.05,0.19,79dd7411
33,Adam Bartlett,eng ENG,GK,Gateshead,28,1986,38,38,3480,38.7,0,0,0,0,0,0,0,0,0.00,0.00,0.00,0.00,0.00,673406a9
34,Wes Baynes,eng ENG,DFMF,Telford United,25,1988,7,6,538,6.0,0,0,0,0,0,0,3,0,0.00,0.00,0.00,0.00,0.00,45a59111
35,Harry Beautyman,eng ENG,DFFW,Welling United,22,1992,21,21,1899,21.1,11,4,15,11,0,0,3,0,0.52,0.19,0.71,0.52,0.71,b6623a0a
36,Reece Beckles,ag ATG,FW,Woking,19,1995,3,0,48,0.5,0,0,0,0,0,0,0,0,0.00,0.00,0.00,0.00,0.00,25950da6
37,Dean Beckwith,eng ENG,DF,Eastleigh,30,1983,26,25,2176,24.2,0,1,1,0,0,0,2,1,0.00,0.04,0.04,0.00,0.04,074ef683
38,Lee Bell,eng ENG,DFMF,Macclesfield,31,1983,10,9,804,8.9,3,0,3,3,0,0,2,0,0.34,0.00,0.34,0.34,0.34,e9acd900
39,Hamza Bencherif,dz ALG,DFMF,Lincoln City,26,1988,41,41,3665,40.7,6,0,6,6,0,0,4,1,0.15,0.00,0.15,0.15,0.15,77bb7a30
40,Tom Bender,wls WAL,DF,Dartford,21,1993,16,15,1397,15.5,0,1,1,0,0,0,3,0,0.00,0.06,0.06,0.00,0.06,ab4fbcf0
41,Tom Bender,wls WAL,DF,Forest Green,21,1993,8,2,208,2.3,0,0,0,0,0,0,1,0,0.00,0.00,0.00,0.00,0.00,ab4fbcf0
42,Dale Bennett,eng ENG,DF,Forest Green,24,1990,23,20,1863,20.7,3,4,7,3,0,0,3,0,0.14,0.19,0.34,0.14,0.34,473fb36c
43,Aaron Bentley,eng ENG,DF,Alfreton Town,18,1995,2,2,180,2.0,0,0,0,0,0,0,0,0,0.00,0.00,0.00,0.00,0.00,e3a4ded0
44,Elliot Benyon,eng ENG,FW,Torquay United,26,1987,6,1,116,1.3,0,0,0,0,0,0,0,0,0.00,0.00,0.00,0.00,0.00,d5e92a6b
45,Durrell Berry,eng ENG,DF,Torquay United,22,1992,12,12,1080,12.0,0,0,0,0,0,0,5,0,0.00,0.00,0.00,0.00,0.00,468a942c
46,Kevin Betsy,sc SEY,FWMF,Woking,36,1978,34,25,2415,26.8,2,2,4,2,0,0,2,0,0.07,0.07,0.15,0.07,0.15,2daed131
47,Paul Bignot,eng ENG,DF,Grimsby Town,28,1986,13,5,554,6.2,0,0,0,0,0,0,2,0,0.00,0.00,0.00,0.00,0.00,ec830b3a
48,Andy Bishop,eng ENG,FW,Wrexham,31,1982,39,24,2235,24.8,7,2,9,7,0,0,6,1,0.28,0.08,0.36,0.28,0.36,e793de7f
49,Nathan Blissett,eng ENG,FW,Harriers,24,1990,18,13,1092,12.1,4,2,6,4,0,0,3,0,0.33,0.16,0.49,0.33,0.49,827ecad9
50,Nathan Blissett,eng ENG,FW,Bristol Rovers,24,1990,22,17,1447,16.1,5,2,7,5,0,0,6,0,0.31,0.12,0.44,0.31,0.44,827ecad9
51,Scott Boden,eng ENG,FWMF,FC Halifax Town,24,1989,38,31,2862,31.8,10,9,19,7,3,3,0,0,0.31,0.28,0.60,0.22,0.50,36971f53
52,James Bolton,eng ENG,DF,FC Halifax Town,19,1994,34,31,2755,30.6,4,1,5,4,0,0,3,1,0.13,0.03,0.16,0.13,0.16,bf6fbdca
53,Tom Bonner,sct SCO,DF,Dover Athletic,26,1988,22,22,1965,21.8,1,0,1,1,0,0,5,0,0.05,0.00,0.05,0.05,0.05,ab961dea
54,Ryan Bowman,eng ENG,FW,Torquay United,22,1991,37,35,2855,31.7,12,3,15,10,2,3,2,1,0.38,0.09,0.47,0.32,0.41,89880099
55,Andrew Boyce,eng ENG,DFMF,Grimsby Town,24,1989,6,6,540,6.0,0,0,0,0,0,0,2,0,0.00,0.00,0.00,0.00,0.00,375aaca1
56,Will Boyle,eng ENG,DF,Harriers,18,1995,2,2,144,1.6,0,0,0,0,0,0,1,0,0.00,0.00,0.00,0.00,0.00,04d98300
57,Peter Brezovan,sk SVK,GK,Southport,34,1979,6,6,540,6.0,0,0,0,0,0,0,0,0,0.00,0.00,0.00,0.00,0.00,12f014b1
58,Louis Briscoe,eng ENG,FWMF,Torquay United,26,1988,39,32,2547,28.3,10,2,12,10,0,0,3,0,0.35,0.07,0.42,0.35,0.42,82110bb9
59,Richard Brodie,eng ENG,FW,Southport,27,1987,36,34,2921,32.5,12,3,15,12,0,2,10,2,0.37,0.09,0.46,0.37,0.46,1523e245
60,Stephen Brogan,eng ENG,DF,Southport,26,1988,11,10,777,8.6,0,0,0,0,0,0,1,0,0.00,0.00,0.00,0.00,0.00,8364660c
61,James Brown,eng ENG,FWMF,Gateshead,27,1987,9,3,331,3.7,0,1,1,0,0,0,0,0,0.00,0.27,0.27,0.00,0.27,5b5ad460
62,Jason Brown,wls WAL,GK,Dartford,32,1982,30,30,2730,30.3,0,0,0,0,0,0,1,0,0.00,0.00,0.00,0.00,0.00,02bc5b92
63,Lee Brown,eng ENG,DF,Bristol Rovers,23,1990,43,43,3900,43.3,2,8,10,2,0,1,0,0,0.05,0.18,0.23,0.05,0.23,315f6ae9
64,Matty Brown,eng ENG,DFMF,Chester,24,1990,23,21,1816,20.2,3,0,3,3,0,0,6,0,0.15,0.00,0.15,0.15,0.15,23ea840e
65,Nat Brown,eng ENG,DF,Lincoln City,33,1981,36,36,3069,34.1,0,0,0,0,0,0,2,1,0.00,0.00,0.00,0.00,0.00,078a5f15
66,Scott Brown,eng ENG,MF,Grimsby Town,29,1985,33,29,2627,29.2,1,6,7,1,0,0,6,0,0.03,0.21,0.24,0.03,0.24,8adefff9
67,Mitch Brundle,eng ENG,DFMF,Braintree Town,19,1994,43,38,3506,39.0,4,0,4,3,1,1,6,0,0.10,0.00,0.10,0.08,0.08,3e061157
68,Ryan Brunt,eng ENG,FW,Bristol Rovers,21,1993,6,4,307,3.4,0,0,0,0,0,0,1,0,0.00,0.00,0.00,0.00,0.00,d784a35e
69,Benjamin Büchel,li LIE,GK,Welling United,25,1989,8,8,750,8.3,0,0,0,0,0,0,0,1,0.00,0.00,0.00,0.00,0.00,e289d34c
70,Jordan Burrow,eng ENG,FW,Lincoln City,21,1992,39,28,2675,29.7,10,0,10,10,0,0,2,1,0.34,0.00,0.34,0.34,0.34,013463b0
71,Callum Burton,eng ENG,GK,Nuneaton Town,17,1996,3,3,270,3.0,0,0,0,0,0,0,0,0,0.00,0.00,0.00,0.00,0.00,e8d6906d
72,Callum Burton,eng ENG,GK,Southport,17,1996,4,4,360,4.0,0,0,0,0,0,0,0,0,0.00,0.00,0.00,0.00,0.00,e8d6906d
73,Deon Burton,jm JAM,FW,Eastleigh,37,1976,12,1,262,2.9,2,0,2,2,0,0,0,1,0.69,0.00,0.69,0.69,0.69,c0567c0f
74,Chris Bush,eng ENG,DFFW,Welling United,22,1992,33,31,2732,30.4,4,1,5,4,0,0,5,2,0.13,0.03,0.16,0.13,0.16,6d14377a
75,Lee Butcher,eng ENG,GK,Welling United,25,1988,5,5,450,5.0,0,0,0,0,0,0,0,0,0.00,0.00,0.00,0.00,0.00,14c687d0
76,Cliff Byrne,ie IRL,DF,Alfreton Town,32,1982,7,7,630,7.0,1,0,1,1,0,0,3,0,0.14,0.00,0.14,0.14,0.14,d3d5df89
77,Neill Byrne,ie IRL,DFMF,Telford United,21,1993,38,38,3319,36.9,4,0,4,4,0,0,8,0,0.11,0.00,0.11,0.11,0.11,34731ad8
78,Courtney Cameron,eng ENG,MF,Torquay United,21,1993,27,23,1903,21.1,2,4,6,1,1,1,2,0,0.09,0.19,0.28,0.05,0.24,7bbc0398
79,Adam Campbell,eng ENG,FWMF,Gateshead,19,1995,7,4,401,4.5,3,0,3,2,1,1,0,0,0.67,0.00,0.67,0.45,0.45,e3aa211f
80,John Campbell,eng ENG,FW,Torquay United,25,1988,9,5,406,4.5,2,0,2,2,0,0,0,0,0.44,0.00,0.44,0.44,0.44,04db33f2
81,Jake Caprice,eng ENG,DFMF,Lincoln City,21,1992,37,34,3085,34.3,0,2,2,0,0,0,4,0,0.00,0.06,0.06,0.00,0.06,d3082f30
82,Josh Carmichael,sct SCO,MF,Welling United,19,1994,4,2,210,2.3,0,0,0,0,0,0,2,0,0.00,0.00,0.00,0.00,0.00,c601442b
83,Mark Carrington,eng ENG,DFMF,Wrexham,27,1987,30,27,2385,26.5,1,1,2,1,0,0,3,1,0.04,0.04,0.08,0.04,0.08,c4ef73ec
84,Ryan Casey,ie IRL,DF,Braintree Town,35,1979,6,0,97,1.1,0,0,0,0,0,0,0,0,0.00,0.00,0.00,0.00,0.00,1190807e
85,James Caton,eng ENG,MF,Southport,20,1994,4,3,290,3.2,0,1,1,0,0,0,0,0,0.00,0.31,0.31,0.00,0.31,3194fb55
86,Peter Cavanagh,eng ENG,DF,Altrincham,32,1981,34,28,2541,28.2,0,0,0,0,0,0,11,1,0.00,0.00,0.00,0.00,0.00,477b63a0
87,Mike Cestor,,DF,Woking,22,1992,21,18,1670,18.6,1,0,1,1,0,0,4,0,0.05,0.00,0.05,0.05,0.05,760be9fa
88,Jamie Chandler,eng ENG,MF,Gateshead,25,1989,30,28,2384,26.5,4,2,6,4,0,0,1,0,0.15,0.08,0.23,0.15,0.23,b01aa4dc
89,Jordan Chapell,eng ENG,FWMF,Torquay United,22,1991,23,17,1463,16.3,1,0,1,1,0,0,0,0,0.06,0.00,0.06,0.06,0.06,6dc8d46e
90,Jordan Chapell,eng ENG,FWMF,Grimsby Town,22,1991,6,2,236,2.6,1,0,1,1,0,0,0,0,0.38,0.00,0.38,0.38,0.38,6dc8d46e
91,Anthony Charles,eng ENG,DF,Nuneaton Town,33,1981,10,10,798,8.9,0,0,0,0,0,0,1,0,0.00,0.00,0.00,0.00,0.00,d0d0cd10
92,Reice Charles-Cook,gd GRN,GK,Nuneaton Town,20,1994,17,17,1483,16.5,0,0,0,0,0,0,1,1,0.00,0.00,0.00,0.00,0.00,cddc96f5
93,Kieran Charnock,eng ENG,DF,Chester,29,1984,37,33,2989,33.2,1,0,1,1,0,0,5,1,0.03,0.00,0.03,0.03,0.03,944a5601
94,Jordan Chiedozie,ng NGA,FW,Dartford,19,1994,4,4,319,3.5,2,0,2,2,0,0,1,0,0.56,0.00,0.56,0.56,0.56,914b7a76
95,Sean Clancy,eng ENG,DF,Telford United,26,1987,35,28,2541,28.2,1,5,6,1,0,1,5,0,0.04,0.18,0.21,0.04,0.21,51c4d755
96,Ben Clark,eng ENG,DF,Gateshead,31,1983,33,32,2879,32.0,0,0,0,0,0,0,2,1,0.00,0.00,0.00,0.00,0.00,3cd1c96c
97,James Clarke,eng ENG,DF,Woking,24,1989,30,28,2455,27.3,0,0,0,0,0,0,3,0,0.00,0.00,0.00,0.00,0.00,3830cfa7
98,Ollie Clarke,eng ENG,DFMF,Bristol Rovers,22,1992,27,15,1490,16.6,4,0,4,4,0,0,5,1,0.24,0.00,0.24,0.24,0.24,172e9148
99,Craig Clay,eng ENG,DFMF,Grimsby Town,22,1992,39,30,2712,30.1,2,1,3,2,0,0,2,0,0.07,0.03,0.10,0.07,0.10,c003124a
100,Conor Clifford,ie IRL,MF,Barnet,22,1991,13,10,916,10.2,1,1,2,1,0,0,2,0,0.10,0.10,0.20,0.10,0.20,55df1b99
101,Charlie Clough,eng ENG,DF,Forest Green,23,1990,17,17,1530,17.0,2,2,4,2,0,0,1,0,0.12,0.12,0.24,0.12,0.24,765ff543
102,Barry Cogan,ie IRL,MF,Dover Athletic,29,1984,20,12,1075,11.9,2,4,6,1,1,1,1,0,0.17,0.33,0.50,0.08,0.42,5443162e
103,Jake Cole,eng ENG,GK,Woking,28,1985,19,19,1602,17.8,0,0,0,0,0,0,3,0,0.00,0.00,0.00,0.00,0.00,7c5b4491
104,Danny Coles,eng ENG,DF,Forest Green,32,1981,29,29,2545,28.3,1,0,1,1,0,0,5,1,0.04,0.00,0.04,0.04,0.04,54e79bd4
105,Jamie Collins,eng ENG,DFMF,Eastleigh,29,1984,22,17,1479,16.4,4,1,5,3,1,1,3,0,0.24,0.06,0.30,0.18,0.24,d4d081d1
106,Alan Connell,eng ENG,FW,Grimsby Town,31,1983,3,3,243,2.7,0,0,0,0,0,0,0,0,0.00,0.00,0.00,0.00,0.00,5ed7060f
107,Joe Connor,eng ENG,MF,Southport,28,1986,28,25,2231,24.8,4,0,4,4,0,0,2,0,0.16,0.00,0.16,0.16,0.16,7d10f1cc
108,James Constable,eng ENG,FW,Eastleigh,29,1984,43,41,3533,39.3,18,5,23,18,0,0,1,0,0.46,0.13,0.59,0.46,0.59,e60043fb
109,Lee Cook,eng ENG,MF,Barnet,31,1982,39,32,2674,29.7,8,5,13,7,1,1,3,0,0.27,0.17,0.44,0.24,0.40,a8ac00c8
110,Andy Coughlin,eng ENG,GK,Wrexham,21,1993,28,28,2520,28.0,0,0,0,0,0,0,0,0,0.00,0.00,0.00,0.00,0.00,926222d2
111,Duane Courtney,eng ENG,DF,Alfreton Town,29,1985,14,13,1156,12.8,0,0,0,0,0,0,3,0,0.00,0.00,0.00,0.00,0.00,b988a767
112,Gavin Cowan,eng ENG,DF,Nuneaton Town,33,1981,19,16,1465,16.3,2,1,3,2,0,0,0,0,0.12,0.06,0.18,0.12,0.18,6b4ae5b6
113,Jordan Cranston,wls WAL,DFMF,Nuneaton Town,20,1993,1,1,90,1.0,0,0,0,0,0,0,1,0,0.00,0.00,0.00,0.00,0.00,44ebf2e2
114,Jordan Cranston,wls WAL,DFMF,Lincoln City,20,1993,11,11,990,11.0,0,0,0,0,0,0,2,1,0.00,0.00,0.00,0.00,0.00,44ebf2e2
115,Harry Crawford,ie IRL,FW,Dartford,22,1991,39,28,2581,28.7,7,3,10,7,0,0,3,0,0.24,0.10,0.35,0.24,0.35,2a1683b9
116,Max Crocombe,nz NZL,GK,Nuneaton Town,20,1993,10,10,900,10.0,0,0,0,0,0,0,0,0,0.00,0.00,0.00,0.00,0.00,fdf47077
117,Michael Crowe,wls WAL,GK,Woking,18,1995,4,4,360,4.0,0,0,0,0,0,0,0,0,0.00,0.00,0.00,0.00,0.00,4a88753e
118,Ryan Crowther,eng ENG,MF,Altrincham,25,1988,33,16,1391,15.5,3,3,6,3,0,0,1,0,0.19,0.19,0.39,0.19,0.39,7b9482fb
119,Thomas Cruise,eng ENG,DF,Torquay United,23,1991,24,23,2131,23.7,0,1,1,0,0,0,3,0,0.00,0.04,0.04,0.00,0.04,7c96b395
120,Adam Cunnington,eng ENG,FW,Bristol Rovers,26,1987,15,12,989,11.0,3,1,4,3,0,0,0,0,0.27,0.09,0.36,0.27,0.36,eea4ec90
121,Craig Curran,eng ENG,FW,Nuneaton Town,24,1989,13,11,906,10.1,1,1,2,1,0,0,1,0,0.10,0.10,0.20,0.10,0.20,96d750e8
122,Luke Daley,eng ENG,MF,Dartford,24,1989,31,21,1843,20.5,1,4,5,1,0,0,0,0,0.05,0.20,0.24,0.05,0.24,5f3c3191
123,Tom Dallison,eng ENG,DF,Dartford,18,1996,12,12,1080,12.0,0,0,0,0,0,0,3,0,0.00,0.00,0.00,0.00,0.00,a782215c
124,Kadell Daniel,gy GUY,MF,Torquay United,20,1994,7,5,511,5.7,2,0,2,2,0,0,1,0,0.35,0.00,0.35,0.35,0.35,37f7cf8a
125,Callum Davies,eng ENG,DF,Dover Athletic,21,1993,2,1,107,1.2,0,0,0,0,0,0,0,0,0.00,0.00,0.00,0.00,0.00,3f0a8fbf
126,Tom Davies,eng ENG,DFFW,Alfreton Town,22,1992,9,9,810,9.0,0,0,0,0,0,0,3,0,0.00,0.00,0.00,0.00,0.00,bdea0a80
127,Tom Davies,eng ENG,DFFW,Southport,22,1992,9,8,730,8.1,0,0,0,0,0,0,3,0,0.00,0.00,0.00,0.00,0.00,bdea0a80
128,Tom Davies,eng ENG,DFFW,Lincoln City,22,1992,1,0,45,0.5,0,0,0,0,0,0,1,0,0.00,0.00,0.00,0.00,0.00,bdea0a80
129,Aaron Dawson,eng ENG,DFMF,Torquay United,22,1992,14,14,1237,13.7,0,0,0,0,0,0,2,0,0.00,0.00,0.00,0.00,0.00,42e83d65
130,Adam Dawson,eng ENG,MF,Bristol Rovers,21,1992,12,8,769,8.5,0,0,0,0,0,0,2,0,0.00,0.00,0.00,0.00,0.00,0043fdf3
131,Adam Dawson,eng ENG,MF,Nuneaton Town,21,1992,13,13,1114,12.4,3,1,4,3,0,0,1,0,0.24,0.08,0.32,0.24,0.32,0043fdf3
132,Cameron Dawson,eng ENG,GK,Alfreton Town,19,1995,17,17,1530,17.0,0,0,0,0,0,0,1,0,0.00,0.00,0.00,0.00,0.00,872891bc
133,Lucas Dawson,eng ENG,MF,Nuneaton Town,20,1993,7,5,456,5.1,0,1,1,0,0,0,2,0,0.00,0.20,0.20,0.00,0.20,4c556558
134,Jamie Day,eng ENG,MF,Welling United,34,1979,12,12,1099,12.2,0,0,0,0,0,0,5,1,0.00,0.00,0.00,0.00,0.00,ad1e2feb
135,Lyle Della-Verde,no NOR,MF,Bristol Rovers,19,1995,6,4,307,3.4,0,1,1,0,0,0,0,0,0.00,0.29,0.29,0.00,0.29,dde9cf4a
136,Tom Derry,eng ENG,FWMF,Aldershot Town,19,1995,16,3,469,5.2,0,0,0,0,0,0,0,0,0.00,0.00,0.00,0.00,0.00,3d7a332b
137,Nicky Deverdics,eng ENG,DFMF,Dover Athletic,26,1987,43,37,3248,36.1,7,7,14,7,0,0,4,0,0.19,0.19,0.39,0.19,0.39,c68cbb16
138,Tony Diagne,fr FRA,DF,Lincoln City,23,1990,18,15,1359,15.1,0,0,0,0,0,0,2,1,0.00,0.00,0.00,0.00,0.00,327a004a
139,Craig Disley,eng ENG,MF,Grimsby Town,32,1981,40,35,3211,35.7,9,0,9,9,0,0,7,0,0.25,0.00,0.25,0.25,0.25,90db9266
140,Kyle Dixon,eng ENG,MF,Telford United,19,1994,2,0,35,0.4,0,0,0,0,0,0,0,0,0.00,0.00,0.00,0.00,0.00,1aa97927
141,Christian Doidge,wls WAL,FW,Dartford,21,1992,7,6,432,4.8,0,0,0,0,0,0,1,0,0.00,0.00,0.00,0.00,0.00,9c4c3044
142,Chris Doig,sct SCO,DF,Grimsby Town,33,1981,4,3,304,3.4,0,0,0,0,0,0,1,0,0.00,0.00,0.00,0.00,0.00,20d3bebd
143,George Donnelly,eng ENG,FW,Southport,26,1988,16,14,1236,13.7,1,1,2,1,0,0,1,0,0.07,0.07,0.15,0.07,0.15,85fa3416
144,Aaron Downes,au AUS,DF,Torquay United,29,1985,39,39,3459,38.4,6,2,8,6,0,0,5,2,0.16,0.05,0.21,0.16,0.21,b6ededcd
145,Callum Driver,eng ENG,DF,Dartford,21,1992,22,19,1691,18.8,0,0,0,0,0,0,2,0,0.00,0.00,0.00,0.00,0.00,a5715b00
146,Karl Duguid,eng ENG,DFMF,Welling United,36,1978,3,3,242,2.7,0,1,1,0,0,0,0,0,0.00,0.37,0.37,0.00,0.37,b5fcd02b
147,Chey Dunkley,eng ENG,DF,Harriers,22,1992,19,19,1666,18.5,4,0,4,4,0,0,0,1,0.22,0.00,0.22,0.22,0.22,c50444fb
148,Jack Dyer,eng ENG,MF,Nuneaton Town,22,1991,11,8,644,7.2,1,0,1,1,0,0,0,0,0.14,0.00,0.14,0.14,0.14,08e369bf
149,Ross Dyer,eng ENG,FW,FC Halifax Town,26,1988,13,8,558,6.2,1,1,2,1,0,0,0,0,0.16,0.16,0.32,0.16,0.32,d6a5248f
150,Ross Dyer,eng ENG,FW,Southport,26,1988,6,5,435,4.8,0,2,2,0,0,0,0,0,0.00,0.41,0.41,0.00,0.41,d6a5248f
151,Ross Dyer,eng ENG,FW,Telford United,26,1988,14,5,613,6.8,0,3,3,0,0,0,0,0,0.00,0.44,0.44,0.00,0.44,d6a5248f
152,Danny East,eng ENG,DFMF,Aldershot Town,22,1991,6,5,505,5.6,0,0,0,0,0,0,2,0,0.00,0.00,0.00,0.00,0.00,0e57c017
153,Jermaine Easter,wls WAL,FW,Bristol Rovers,32,1982,5,4,209,2.3,1,1,2,1,0,0,0,0,0.43,0.43,0.86,0.43,0.86,354243aa
154,Nathan Elder,eng ENG,FW,Dover Athletic,29,1985,10,7,566,6.3,1,0,1,1,0,0,0,0,0.16,0.00,0.16,0.16,0.16,685f3be9
155,Connor Essam,eng ENG,DFMF,Dover Athletic,22,1992,38,38,3420,38.0,4,3,7,4,0,0,7,0,0.11,0.08,0.18,0.11,0.18,4df2d69b
156,Micah Evans,eng ENG,FWMF,Southport,21,1993,16,8,713,7.9,0,0,0,0,0,0,1,0,0.00,0.00,0.00,0.00,0.00,50372f73
157,Rob Evans,wls WAL,MF,Wrexham,19,1995,26,16,1493,16.6,3,1,4,3,0,0,3,1,0.18,0.06,0.24,0.18,0.24,426283e5
158,Will Evans,eng ENG,DFMF,Eastleigh,22,1991,35,30,2744,30.5,3,2,5,3,0,0,4,0,0.10,0.07,0.16,0.10,0.16,f74c4167
159,Waide Fairhurst,eng ENG,FW,Macclesfield,25,1989,42,36,3155,35.1,10,8,18,8,2,3,7,1,0.29,0.23,0.51,0.23,0.46,0d5e3f59
160,Paul Farman,eng ENG,GK,Lincoln City,24,1989,28,28,2520,28.0,0,0,0,0,0,0,4,0,0.00,0.00,0.00,0.00,0.00,69625393
161,Carl Finnigan,eng ENG,FW,Gateshead,27,1986,22,13,1294,14.4,4,1,5,4,0,0,1,0,0.28,0.07,0.35,0.28,0.35,1963ac85
162,Jonathan Flatt,eng ENG,GK,Wrexham,19,1994,3,3,270,3.0,0,0,0,0,0,0,0,0,0.00,0.00,0.00,0.00,0.00,372ef237
163,Stuart Fleetwood,wls WAL,FW,Forest Green,28,1986,16,11,951,10.6,0,4,4,0,0,0,1,0,0.00,0.38,0.38,0.00,0.38,2e551572
164,Stuart Fleetwood,wls WAL,FW,Eastleigh,28,1986,25,15,1516,16.8,4,4,8,2,2,2,2,0,0.24,0.24,0.47,0.12,0.36,2e551572
165,Ross Flitney,eng ENG,GK,Eastleigh,30,1984,46,46,4140,46.0,0,0,0,0,0,0,5,0,0.00,0.00,0.00,0.00,0.00,15817cc2
166,Thomas Flynn,eng ENG,GK,Alfreton Town,23,1990,5,5,450,5.0,0,0,0,0,0,0,0,0,0.00,0.00,0.00,0.00,0.00,76af6baa
167,Kieron Forbes,eng ENG,MF,Aldershot Town,23,1990,29,28,2313,25.7,0,1,1,0,0,0,2,0,0.00,0.04,0.04,0.00,0.04,3af5e739
168,Luke Foster,eng ENG,DF,Southport,28,1985,35,35,3131,34.8,4,0,4,4,0,0,14,0,0.11,0.00,0.11,0.11,0.11,77e6a4c1
169,Lee Fowler,wls WAL,MF,Nuneaton Town,31,1983,21,20,1700,18.9,3,3,6,3,0,0,2,0,0.16,0.16,0.32,0.16,0.32,593e18b1
170,Elliott Frear,eng ENG,MF,Forest Green,23,1990,42,38,3261,36.2,6,6,12,6,0,0,0,0,0.17,0.17,0.33,0.17,0.33,d35e3468
171,Matt Fry,eng ENG,DF,Eastleigh,23,1990,3,3,270,3.0,0,0,0,0,0,0,0,0,0.00,0.00,0.00,0.00,0.00,3ae5e618
172,Jamal Fyfield,eng ENG,DFMF,Welling United,25,1989,34,32,2897,32.2,1,2,3,1,0,0,5,0,0.03,0.06,0.09,0.03,0.09,321a93d5
173,Luke Gambin,mt MLT,MF,Barnet,21,1993,26,4,744,8.3,4,0,4,4,0,0,2,0,0.48,0.00,0.48,0.48,0.48,21fc18b3
174,Michael Gash,eng ENG,FW,Barnet,27,1986,15,8,906,10.1,3,1,4,3,0,0,0,0,0.30,0.10,0.40,0.30,0.40,206ba5a5
175,Michael Gash,eng ENG,FW,Nuneaton Town,27,1986,11,11,994,11.0,1,1,2,1,0,0,1,0,0.09,0.09,0.18,0.09,0.18,206ba5a5
176,Michael Gash,eng ENG,FW,Harriers,27,1986,16,7,772,8.6,3,0,3,3,0,0,3,0,0.35,0.00,0.35,0.35,0.35,206ba5a5
177,Exodus Geohaghon,eng ENG,DFMF,Nuneaton Town,29,1985,8,8,720,8.0,0,0,0,0,0,0,0,0,0.00,0.00,0.00,0.00,0.00,5d9b17f8
178,Antonio German,gd GRN,FWMF,Aldershot Town,22,1991,6,4,423,4.7,1,1,2,1,0,0,0,0,0.21,0.21,0.43,0.21,0.43,12183e9e
179,Steven Gillespie,eng ENG,FW,Altrincham,29,1985,22,8,826,9.2,1,0,1,1,0,1,3,0,0.11,0.00,0.11,0.11,0.11,02eee26b
180,Josh Gillies,eng ENG,MF,Gateshead,24,1990,5,5,371,4.1,1,0,1,1,0,0,0,1,0.24,0.00,0.24,0.24,0.24,f51ce0a3
181,Valentin Gjokaj,al ALB,DF,Gateshead,20,1993,19,16,1524,16.9,0,1,1,0,0,0,6,2,0.00,0.06,0.06,0.00,0.06,cdcee711
182,Matt Glennon,eng ENG,GK,FC Halifax Town,35,1978,46,46,4200,46.7,0,0,0,0,0,0,0,0,0.00,0.00,0.00,0.00,0.00,1067a248
183,Arthur Gnahoua,eng ENG,FWMF,Macclesfield,21,1992,21,17,1548,17.2,2,0,2,2,0,0,1,0,0.12,0.00,0.12,0.12,0.12,7440346f
184,John Goddard,eng ENG,MF,Woking,21,1993,41,28,2593,28.8,5,5,10,5,0,0,3,0,0.17,0.17,0.35,0.17,0.35,a1ef5b63
185,Bradley Goldberg,eng ENG,FW,Bristol Rovers,20,1993,6,1,130,1.4,0,1,1,0,0,0,0,0,0.00,0.69,0.69,0.00,0.69,de6f99f7
186,Lynden Gooch,us USA,DFFW,Gateshead,18,1995,7,7,623,6.9,1,0,1,1,0,0,2,0,0.14,0.00,0.14,0.14,0.14,1ea00b03
187,Jaanai Gordon,eng ENG,FW,Nuneaton Town,18,1995,5,4,317,3.5,1,0,1,1,0,0,0,0,0.28,0.00,0.28,0.28,0.28,8a20519d
188,Johnny Gorman,nir NIR,MF,Southport,21,1992,5,3,263,2.9,1,0,1,1,0,0,0,0,0.34,0.00,0.34,0.34,0.34,0dcc8a9f
189,Jake Gosling,gi GIB,MF,Bristol Rovers,20,1993,23,15,1241,13.8,3,3,6,3,0,0,2,0,0.22,0.22,0.44,0.22,0.44,78921ace
190,Josh Gowling,eng ENG,DF,Grimsby Town,30,1983,3,3,270,3.0,1,0,1,1,0,0,1,0,0.33,0.00,0.33,0.33,0.33,4f8b99a4
191,Josh Gowling,eng ENG,DF,Harriers,30,1983,30,30,2655,29.5,0,1,1,0,0,0,10,0,0.00,0.03,0.03,0.00,0.03,4f8b99a4
192,Luke Graham,wls WAL,DF,Alfreton Town,28,1986,45,45,4006,44.5,2,0,2,2,0,0,4,1,0.04,0.00,0.04,0.04,0.04,2b7070f4
193,Alex Grant,au AUS,DF,Macclesfield,20,1994,25,22,2085,23.2,2,0,2,2,0,0,3,0,0.09,0.00,0.09,0.09,0.09,32ad1f4e
194,Dan Gray,eng ENG,DFMF,Alfreton Town,24,1989,7,6,541,6.0,0,1,1,0,0,0,1,0,0.00,0.17,0.17,0.00,0.17,ad7f74cb
195,Adam Green,eng ENG,DF,Dartford,30,1984,11,11,897,10.0,0,0,0,0,0,0,4,0,0.00,0.00,0.00,0.00,0.00,9085b193
196,Mike Green,eng ENG,DFMF,Eastleigh,25,1989,34,31,2770,30.8,3,4,7,3,0,0,4,2,0.10,0.13,0.23,0.10,0.23,72013161
197,Nathan Green,eng ENG,DFFW,Dartford,22,1992,15,14,1065,11.8,2,1,3,2,0,0,1,0,0.17,0.08,0.25,0.17,0.25,30ae9075
198,Adam Griffin,eng ENG,DFMF,Altrincham,29,1984,43,43,3729,41.4,1,4,5,1,0,0,1,1,0.02,0.10,0.12,0.02,0.12,41c2028d
199,Jamie Grimes,eng ENG,DFMF,Harriers,23,1990,39,36,3314,36.8,0,2,2,0,0,0,4,0,0.00,0.05,0.05,0.00,0.05,97a7d953
200,Kurtis Guthrie,eng ENG,FW,Forest Green,21,1993,39,26,2378,26.4,8,4,12,8,0,0,3,0,0.30,0.15,0.45,0.30,0.45,7fe7249d
201,Lewis Guy,eng ENG,FW,Gateshead,28,1985,13,6,576,6.4,2,1,3,2,0,0,0,0,0.31,0.16,0.47,0.31,0.47,9378edb8
202,Sam Habergham,eng ENG,DFFW,Braintree Town,22,1992,44,44,3940,43.8,0,2,2,0,0,0,4,0,0.00,0.05,0.05,0.00,0.05,45bbf59f
203,Will Haining,sct SCO,DF,Macclesfield,31,1982,12,8,557,6.2,0,1,1,0,0,0,3,0,0.00,0.16,0.16,0.00,0.16,35d0dc83
204,Reece Hales,eng ENG,FW,Harriers,19,1995,6,3,217,2.4,0,0,0,0,0,0,0,0,0.00,0.00,0.00,0.00,0.00,4a9da74e
205,Freddy Hall,bm BER,GK,Chester,29,1985,4,4,360,4.0,0,0,0,0,0,0,0,0,0.00,0.00,0.00,0.00,0.00,fdfd7dfe
206,Freddy Hall,bm BER,GK,Telford United,29,1985,21,21,1920,21.3,0,0,0,0,0,0,0,0,0.00,0.00,0.00,0.00,0.00,fdfd7dfe
207,Andy Halls,eng ENG,DF,Macclesfield,22,1992,37,36,3160,35.1,0,0,0,0,0,0,10,0,0.00,0.00,0.00,0.00,0.00,1ad6c55a
208,Ross Hannah,eng ENG,FW,Grimsby Town,28,1986,22,6,865,9.6,5,0,5,4,1,2,2,0,0.52,0.00,0.52,0.42,0.42,07eeb21b
209,Ben Harding,eng ENG,MF,Torquay United,29,1984,17,15,1358,15.1,0,0,0,0,0,0,1,0,0.00,0.00,0.00,0.00,0.00,c1aef4e5
210,Jay Harris,eng ENG,DFMF,Wrexham,27,1987,30,23,1992,22.1,3,1,4,3,0,0,5,0,0.14,0.05,0.18,0.14,0.18,1fafe92d
211,Danny Harrison,eng ENG,MF,Dartford,31,1982,39,21,2133,23.7,1,2,3,1,0,0,4,0,0.04,0.08,0.13,0.04,0.13,e39d617f
212,Danny Harrison,eng ENG,MF,Chester,31,1982,14,7,585,6.5,0,0,0,0,0,0,0,1,0.00,0.00,0.00,0.00,0.00,e39d617f
213,Ellis Harrison,wls WAL,FWMF,Bristol Rovers,20,1994,35,7,1250,13.9,13,1,14,12,1,1,1,0,0.94,0.07,1.01,0.86,0.94,c9408be8
214,Will Hatfield,eng ENG,MF,FC Halifax Town,22,1991,17,12,1092,12.1,2,1,3,1,1,2,3,0,0.16,0.08,0.25,0.08,0.16,4c9e10ea
215,Sam Hatton,eng ENG,DFMF,Aldershot Town,26,1988,41,34,3073,34.1,6,2,8,5,1,1,6,0,0.18,0.06,0.23,0.15,0.21,24e5dc19
216,Gianluca Havern,eng ENG,DF,Altrincham,25,1988,45,45,4050,45.0,2,1,3,2,0,0,3,0,0.04,0.02,0.07,0.04,0.07,0d46c126
217,Karl Hawley,eng ENG,FW,Alfreton Town,32,1981,34,33,2881,32.0,10,3,13,10,0,0,0,0,0.31,0.09,0.41,0.31,0.41,de9f1be3
218,Joe Healy,eng ENG,MF,Welling United,27,1986,34,28,2384,26.5,2,3,5,2,0,0,9,1,0.08,0.11,0.19,0.08,0.19,55e732c4
219,Tom Heardman,eng ENG,FW,Gateshead,18,1995,3,1,100,1.1,0,0,0,0,0,0,0,0,0.00,0.00,0.00,0.00,0.00,be0e6f83
220,Ben Heneghan,eng ENG,DF,Chester,20,1993,38,34,3207,35.6,5,1,6,5,0,0,8,0,0.14,0.03,0.17,0.14,0.17,846ac45b
221,Jonathan Henly,sct SCO,GK,Welling United,20,1994,27,26,2389,26.5,0,0,0,0,0,0,2,0,0.00,0.00,0.00,0.00,0.00,0edf7bb7
222,Steven Hewitt,eng ENG,MF,Southport,20,1993,7,6,512,5.7,1,0,1,1,0,0,0,0,0.18,0.00,0.18,0.18,0.18,c78e1903
223,Elliot Hodge,,,Lincoln City,18,1996,1,0,19,0.2,0,0,0,0,0,0,0,0,0.00,0.00,0.00,0.00,0.00,6bdcbfaa
224,Jared Hodgkiss,eng ENG,DF,Harriers,27,1986,44,44,3842,42.7,1,2,3,1,0,0,4,1,0.02,0.05,0.07,0.02,0.07,0ce6f935
225,Liam Hogan,eng ENG,DFMF,Macclesfield,25,1989,9,9,765,8.5,0,0,0,0,0,0,1,0,0.00,0.00,0.00,0.00,0.00,7a5e2895
226,Dan Holman,eng ENG,FW,Wrexham,24,1990,4,0,35,0.4,0,0,0,0,0,0,0,0,0.00,0.00,0.00,0.00,0.00,bb1ae2c6
227,Dan Holman,eng ENG,FW,Aldershot Town,24,1990,12,12,1035,11.5,3,2,5,3,0,0,2,0,0.26,0.17,0.43,0.26,0.43,bb1ae2c6
228,Dan Holman,eng ENG,FW,Dover Athletic,24,1990,6,4,345,3.8,2,1,3,2,0,0,0,0,0.52,0.26,0.78,0.52,0.78,bb1ae2c6
229,Chris Holroyd,eng ENG,FW,Macclesfield,27,1986,37,29,2644,29.4,4,2,6,4,0,0,3,0,0.14,0.07,0.20,0.14,0.20,667b7110
230,Sam Hoskins,eng ENG,FWMF,Barnet,21,1993,6,5,452,5.0,2,0,2,2,0,0,0,0,0.40,0.00,0.40,0.40,0.40,7292e67b
231,Brian Howard,eng ENG,MF,Eastleigh,31,1983,18,9,825,9.2,0,1,1,0,0,1,3,0,0.00,0.11,0.11,0.00,0.11,fa9c43c2
232,Callum Howe,eng ENG,DFFW,Alfreton Town,20,1994,13,13,1125,12.5,1,0,1,1,0,0,1,0,0.08,0.00,0.08,0.08,0.08,a121920f
233,Callum Howe,eng ENG,DFFW,Gateshead,20,1994,2,2,180,2.0,1,0,1,1,0,0,0,0,0.50,0.00,0.50,0.50,0.50,a121920f
234,Anthony Howell,eng ENG,MF,Alfreton Town,28,1986,36,28,2561,28.5,1,0,1,1,0,0,6,1,0.04,0.00,0.04,0.04,0.04,810feb6b
235,Lee Hughes,eng ENG,FW,Forest Green,38,1976,21,13,1214,13.5,7,1,8,7,0,0,1,1,0.52,0.07,0.59,0.52,0.59,fd08b4e6
236,Lee Hughes,eng ENG,FW,Harriers,38,1976,13,12,995,11.1,3,1,4,3,0,0,4,0,0.27,0.09,0.36,0.27,0.36,fd08b4e6
237,Matty Hughes,eng ENG,FW,Chester,22,1992,25,24,2094,23.3,4,2,6,4,0,0,2,1,0.17,0.09,0.26,0.17,0.26,ce9b05c5
238,David Hunt,eng ENG,DFMF,Barnet,31,1982,10,4,509,5.7,0,0,0,0,0,0,1,0,0.00,0.00,0.00,0.00,0.00,68a34dc1
239,Johnny Hunt,wls WAL,DFMF,Wrexham,23,1990,10,6,533,5.9,0,1,1,0,0,0,1,0,0.00,0.17,0.17,0.00,0.17,10198da1
240,Ben Hutchinson,eng ENG,FW,Nuneaton Town,26,1987,11,5,595,6.6,0,0,0,0,0,0,0,1,0.00,0.00,0.00,0.00,0.00,58bc340a
241,Deren Ibrahim,gi GIB,GK,Dartford,23,1991,16,16,1440,16.0,0,0,0,0,0,0,0,0,0.00,0.00,0.00,0.00,0.00,4b62d601
242,Joe Ironside,eng ENG,FW,Alfreton Town,20,1993,29,22,1857,20.6,4,2,6,4,0,0,2,0,0.19,0.10,0.29,0.19,0.29,a0a22f9e
243,Chris Iwelumo,sct SCO,FW,Chester,35,1978,10,4,443,4.9,1,0,1,1,0,1,0,0,0.20,0.00,0.20,0.20,0.20,628dd7b5
244,Jamie Jackson,eng ENG,FW,FC Halifax Town,27,1986,38,12,1781,19.8,4,3,7,4,0,0,3,0,0.20,0.15,0.35,0.20,0.35,d2deb767
245,Kingsley James,eng ENG,DFMF,Chester,22,1992,40,37,3376,37.5,2,2,4,2,0,0,5,1,0.05,0.05,0.11,0.05,0.11,514e7935
246,Ryan Jarvis,eng ENG,FW,Aldershot Town,28,1986,12,6,475,5.3,1,0,1,0,1,1,1,0,0.19,0.00,0.19,0.00,0.00,c1152711
247,Ben Jefford,eng ENG,DF,Welling United,19,1994,29,27,2461,27.3,0,3,3,0,0,0,6,0,0.00,0.11,0.11,0.00,0.11,a929de91
248,Anthony Jeffrey,gy GUY,FWMF,Welling United,19,1994,2,2,135,1.5,0,0,0,0,0,0,1,1,0.00,0.00,0.00,0.00,0.00,5e7602a2
249,Connor Jennings,eng ENG,FWMF,Wrexham,22,1991,41,35,3106,34.5,6,7,13,6,0,0,9,1,0.17,0.20,0.38,0.17,0.38,e4f433e5
250,Jorrin John,ag ATG,MF,Nuneaton Town,23,1990,12,5,518,5.8,1,0,1,1,0,0,0,0,0.17,0.00,0.17,0.17,0.17,1a13ac3c
251,Lenell John-Lewis,eng ENG,FWMF,Grimsby Town,25,1989,39,36,3152,35.0,16,4,20,12,4,4,4,1,0.46,0.11,0.57,0.34,0.46,9e4d738e
252,Elliott Johnson,eng ENG,DFMF,Barnet,19,1994,42,42,3570,39.7,1,7,8,1,0,0,2,0,0.03,0.18,0.20,0.03,0.20,9b01a154
253,Marvin Johnson,eng ENG,DFMF,Harriers,23,1990,32,30,2607,29.0,9,3,12,9,0,0,3,0,0.31,0.10,0.41,0.31,0.41,dc82e7f1
254,Sam Johnson,eng ENG,GK,Alfreton Town,21,1992,4,4,360,4.0,0,0,0,0,0,0,1,0,0.00,0.00,0.00,0.00,0.00,a8fe5f70
255,Denny Johnstone,sct SCO,FW,Macclesfield,19,1995,9,5,463,5.1,3,0,3,3,0,0,0,0,0.58,0.00,0.58,0.58,0.58,fe20ddc6
256,Christian Jolley,eng ENG,FWMF,Grimsby Town,26,1988,11,8,613,6.8,1,0,1,1,0,0,1,0,0.15,0.00,0.15,0.15,0.15,b4198eed
257,Christian Jolley,eng ENG,FWMF,Forest Green,26,1988,7,4,342,3.8,0,0,0,0,0,0,0,0,0.00,0.00,0.00,0.00,0.00,b4198eed
258,Andrai Jones,eng ENG,DF,Gateshead,22,1992,20,17,1569,17.4,0,4,4,0,0,0,3,0,0.00,0.23,0.23,0.00,0.23,d47f08d3
259,Clovis Kamdjo,cm CMR,DFMF,Forest Green,23,1990,35,26,2425,26.9,5,1,6,5,0,0,3,0,0.19,0.04,0.22,0.19,0.22,dc2f2359
260,Michael Kay,eng ENG,DF,Chester,24,1989,33,31,2670,29.7,0,2,2,0,0,0,8,0,0.00,0.07,0.07,0.00,0.07,68fdb9a3
261,Scott Kay,eng ENG,MF,Southport,24,1989,31,29,2507,27.9,2,0,2,2,0,0,6,0,0.07,0.00,0.07,0.07,0.07,d6267883
262,Dean Keates,eng ENG,MF,Wrexham,36,1978,19,15,1285,14.3,1,1,2,0,1,1,1,0,0.07,0.07,0.14,0.00,0.07,27362fb4
263,Marcus Kelly,eng ENG,MF,Forest Green,28,1986,41,37,3266,36.3,2,11,13,2,0,0,3,0,0.06,0.30,0.36,0.06,0.36,a9c9e0ba
264,Kostas Kiassos,gr GRE,MF,Welling United,38,1975,1,0,8,0.1,0,0,0,0,0,0,0,0,0.00,0.00,0.00,0.00,0.00,2bddd706
265,Dominic Knowles,eng ENG,FW,Harriers,22,1992,6,3,257,2.9,0,0,0,0,0,0,0,0,0.00,0.00,0.00,0.00,0.00,67b66573
266,Ross Lafayette,eng ENG,FW,Woking,27,1987,11,10,776,8.6,3,1,4,3,0,0,1,0,0.35,0.12,0.46,0.35,0.46,7eff29c1
267,Damon Lathrope,eng ENG,MF,Aldershot Town,24,1989,24,19,1770,19.7,1,4,5,1,0,0,4,0,0.05,0.20,0.25,0.05,0.25,4138f0a8
268,James Lawrie,nir NIR,FW,Altrincham,23,1990,42,37,3166,35.2,7,3,10,7,0,0,6,0,0.20,0.09,0.28,0.20,0.28,b9d4a527
269,Daniel Leadbitter,eng ENG,DF,Bristol Rovers,23,1990,24,20,1748,19.4,1,2,3,1,0,0,1,1,0.05,0.10,0.15,0.05,0.15,95edca03
270,Scott Leather,eng ENG,DF,Altrincham,21,1992,36,31,2944,32.7,1,1,2,1,0,0,4,1,0.03,0.03,0.06,0.03,0.06,89658fa7
271,Daniel Lewis,eng ENG,GK,Harriers,32,1982,45,45,4050,45.0,0,0,0,0,0,0,0,0,0.00,0.00,0.00,0.00,0.00,f927a746
272,Paul Lewis,eng ENG,MF,Macclesfield,19,1994,27,25,2240,24.9,4,0,4,4,0,0,9,1,0.16,0.00,0.16,0.16,0.16,140fb136
273,Theo Lewis,eng ENG,FWMF,Woking,22,1991,24,19,1567,17.4,2,2,4,2,0,0,4,0,0.11,0.11,0.23,0.11,0.23,6f3d8d92
274,Chris Lines,eng ENG,MF,Bristol Rovers,28,1985,8,8,698,7.8,0,2,2,0,0,0,0,0,0.00,0.26,0.26,0.00,0.26,d10c76c1
275,Daniel Lloyd-Weston,eng ENG,GK,Southport,22,1991,12,12,1080,12.0,0,0,0,0,0,0,1,0,0.00,0.00,0.00,0.00,0.00,d19e0add
276,Tom Lockyer,wls WAL,DFMF,Bristol Rovers,19,1994,44,44,3886,43.2,1,0,1,1,0,0,7,0,0.02,0.00,0.02,0.02,0.02,37118440
277,Jamal Lowe,jm JAM,FWMF,Barnet,20,1994,2,0,34,0.4,0,0,0,0,0,0,0,0,0.00,0.00,0.00,0.00,0.00,b2856bc0
278,Luisma,es ESP,FWMF,Barnet,24,1989,33,22,1790,19.9,13,2,15,13,0,0,3,0,0.65,0.10,0.75,0.65,0.75,1b617e0a
279,Angus MacDonald,eng ENG,DF,Torquay United,21,1992,26,23,2104,23.4,1,0,1,1,0,0,9,1,0.04,0.00,0.04,0.04,0.04,9ca3f7e4
280,Charlie MacDonald,eng ENG,FW,Barnet,33,1981,30,24,1973,21.9,8,11,19,5,3,4,1,0,0.36,0.50,0.87,0.23,0.73,bf812107
281,Jack Mackreth,eng ENG,MF,Grimsby Town,22,1992,40,30,2757,30.6,4,9,13,4,0,0,2,0,0.13,0.29,0.42,0.13,0.42,0d8d60c2
282,Marcus Maddison,eng ENG,FWMF,Gateshead,20,1993,5,5,430,4.8,4,3,7,4,0,0,1,0,0.84,0.63,1.47,0.84,1.47,00458f4e
283,Carl Magnay,nir NIR,DF,Grimsby Town,25,1989,42,42,3681,40.9,1,2,3,1,0,0,6,0,0.02,0.05,0.07,0.02,0.07,063ce8cd
284,Craig Mahon,ie IRL,FWMF,Chester,25,1989,44,38,3289,36.5,6,3,9,6,0,0,5,0,0.16,0.08,0.25,0.16,0.25,35079abb
285,Yado Mambo,eng ENG,DF,Dover Athletic,22,1991,1,1,90,1.0,0,0,0,0,0,0,0,0,0.00,0.00,0.00,0.00,0.00,d3ef83df
286,Lee Mansell,eng ENG,MF,Bristol Rovers,31,1982,44,44,3956,44.0,4,4,8,4,0,0,10,0,0.09,0.09,0.18,0.09,0.18,03692850
287,George Maris,eng ENG,DFFW,Nuneaton Town,18,1996,9,8,751,8.3,0,1,1,0,0,0,1,0,0.00,0.12,0.12,0.00,0.12,3e189b2b
288,Jack Marriott,eng ENG,FW,Woking,19,1994,19,15,1237,13.7,4,0,4,4,0,0,0,0,0.29,0.00,0.29,0.29,0.29,e4551dab
289,John Marsden,eng ENG,FW,Lincoln City,21,1992,6,2,222,2.5,0,0,0,0,0,0,0,0,0.00,0.00,0.00,0.00,0.00,e306d054
290,John Marsden,eng ENG,FW,Southport,21,1992,31,16,1564,17.4,5,0,5,5,0,0,2,0,0.29,0.00,0.29,0.29,0.29,e306d054
291,Tyrone Marsh,eng ENG,FWMF,Welling United,20,1993,20,18,1623,18.0,8,2,10,8,0,0,1,0,0.44,0.11,0.55,0.44,0.55,f1f16eb4
292,Keanu Marsh-Brown,gy GUY,MF,Barnet,21,1992,10,2,430,4.8,2,1,3,2,0,0,2,0,0.42,0.21,0.63,0.42,0.63,7d9d4111
293,Marcus Marshall,eng ENG,FWMF,Lincoln City,24,1989,32,24,2018,22.4,2,4,6,2,0,0,2,0,0.09,0.18,0.27,0.09,0.27,396e86a2
294,Paul Marshall,eng ENG,MF,FC Halifax Town,25,1989,36,33,2951,32.8,3,3,6,2,1,1,5,0,0.09,0.09,0.18,0.06,0.15,e7b5c8c4
295,Dave Martin,eng ENG,MF,Bristol Rovers,29,1985,17,13,1175,13.1,0,3,3,0,0,0,2,0,0.00,0.23,0.23,0.00,0.23,e1160d44
296,James Marwood,eng ENG,FW,Forest Green,24,1990,14,4,467,5.2,1,1,2,1,0,0,2,0,0.19,0.19,0.39,0.19,0.39,70bcb39c
297,Luke Maxwell,eng ENG,MF,Harriers,17,1997,8,5,449,5.0,0,0,0,0,0,0,1,0,0.00,0.00,0.00,0.00,0.00,f0ec322b
298,Lois Maynard,kn SKN,DFMF,FC Halifax Town,25,1989,38,35,3081,34.2,11,0,11,11,0,0,3,1,0.32,0.00,0.32,0.32,0.32,2159f3c1
299,Craig McAllister,sct SCO,FW,Eastleigh,34,1980,42,24,2196,24.4,10,4,14,10,0,0,0,0,0.41,0.16,0.57,0.41,0.57,eda6b3ce
300,Oliver McBurnie,sct SCO,FW,Chester,18,1996,14,14,1233,13.7,5,1,6,5,0,0,0,0,0.36,0.07,0.44,0.36,0.44,78b8ac63
301,Mark McChrystal,nir NIR,DF,Bristol Rovers,30,1984,33,28,2644,29.4,0,1,1,0,0,0,6,0,0.00,0.03,0.03,0.00,0.03,2afa7283
302,Andre McCollin,eng ENG,FW,Aldershot Town,29,1985,28,16,1336,14.8,4,3,7,4,0,0,3,0,0.27,0.20,0.47,0.27,0.47,0115816a
303,Sean McConville,eng ENG,MF,Chester,25,1989,41,35,3121,34.7,9,11,20,9,0,1,7,0,0.26,0.32,0.58,0.26,0.58,6d1c00a8
304,Clayton McDonald,eng ENG,DF,Southport,25,1988,12,10,864,9.6,0,0,0,0,0,0,4,0,0.00,0.00,0.00,0.00,0.00,508a6ca9
305,Massiah McDonald,ms MSR,FW,Alfreton Town,22,1991,14,4,435,4.8,2,0,2,2,0,0,1,0,0.41,0.00,0.41,0.41,0.41,7e689321
306,Rod McDonald,eng ENG,DF,Telford United,22,1992,22,20,1868,20.8,2,0,2,2,0,0,2,0,0.10,0.00,0.10,0.10,0.10,9b1bea5d
307,Sean McGinty,ie IRL,DF,FC Halifax Town,20,1993,2,2,115,1.3,0,0,0,0,0,0,0,0,0.00,0.00,0.00,0.00,0.00,b63bd588
308,Sean McGinty,ie IRL,DF,Aldershot Town,20,1993,13,13,1170,13.0,0,0,0,0,0,0,1,0,0.00,0.00,0.00,0.00,0.00,b63bd588
309,James McKeown,ie IRL,GK,Grimsby Town,25,1989,46,46,4140,46.0,0,0,0,0,0,0,3,0,0.00,0.00,0.00,0.00,0.00,5641c7c6
310,Patrick McLaughlin,nir NIR,DFMF,Grimsby Town,23,1991,23,11,998,11.1,1,0,1,1,0,0,0,0,0.09,0.00,0.09,0.09,0.09,303fbb6c
311,Scott McManus,eng ENG,DFMF,FC Halifax Town,25,1989,46,46,4160,46.2,2,2,4,2,0,0,4,0,0.04,0.04,0.09,0.04,0.09,fc888557
312,Joe McNerney,eng ENG,DFMF,Woking,24,1990,33,33,2827,31.4,0,1,1,0,0,0,5,1,0.00,0.03,0.03,0.00,0.03,d33bd26d
313,James McQuilkin,nir NIR,MF,Torquay United,25,1989,17,13,1083,12.0,1,0,1,1,0,0,1,0,0.08,0.00,0.08,0.08,0.08,c7e3bdd4
314,Leon McSweeney,ie IRL,DFMF,Nuneaton Town,30,1983,4,4,327,3.6,0,0,0,0,0,0,0,0,0.00,0.00,0.00,0.00,0.00,09f5ead9
315,Adam Mekki,eng ENG,MF,Dover Athletic,22,1991,1,0,14,0.2,0,0,0,0,0,0,0,0,0.00,0.00,0.00,0.00,0.00,e05b44c3
316,Adam Mekki,eng ENG,MF,Barnet,22,1991,9,3,314,3.5,0,2,2,0,0,0,1,0,0.00,0.57,0.57,0.00,0.57,e05b44c3
317,David Mellor,eng ENG,DFMF,Alfreton Town,21,1993,7,7,477,5.3,1,1,2,1,0,0,2,0,0.19,0.19,0.38,0.19,0.38,b11b581d
318,Arnaud Mendy,gw GNB,MF,Lincoln City,24,1990,30,26,2397,26.6,1,1,2,1,0,0,7,0,0.04,0.04,0.08,0.04,0.08,888825d3
319,Bernard Mensah,gh GHA,FW,Barnet,19,1994,8,1,202,2.2,1,0,1,1,0,0,0,0,0.45,0.00,0.45,0.45,0.45,053d2388
320,Bernard Mensah,gh GHA,FW,Braintree Town,19,1994,13,9,824,9.2,1,0,1,1,0,0,1,0,0.11,0.00,0.11,0.11,0.11,053d2388
321,Jack Midson,eng ENG,FW,Eastleigh,30,1983,41,38,3042,33.8,11,4,15,11,0,2,4,0,0.33,0.12,0.44,0.33,0.44,591dbfb9
322,Steve Mildenhall,eng ENG,GK,Bristol Rovers,36,1978,29,29,2500,27.8,0,0,0,0,0,0,0,1,0.00,0.00,0.00,0.00,0.00,5cd66c78
323,Ricky Miller,eng ENG,FW,Dover Athletic,25,1989,10,8,766,8.5,5,0,5,5,0,1,2,0,0.59,0.00,0.59,0.59,0.59,7d137006
324,Tom Miller,eng ENG,DF,Lincoln City,24,1990,27,26,2368,26.3,4,3,7,4,0,0,6,0,0.15,0.11,0.27,0.15,0.27,4fd6a3b1
325,Mat Mitchel-King,eng ENG,DFMF,Dartford,30,1983,28,28,2550,28.3,0,0,0,0,0,0,2,0,0.00,0.00,0.00,0.00,0.00,d47d4222
326,Andrew Mitchell,nir NIR,DFMF,Southport,22,1992,10,7,669,7.4,0,0,0,0,0,0,2,0,0.00,0.00,0.00,0.00,0.00,fd8041d3
327,Ricky Modeste,gd GRN,FW,Dover Athletic,26,1988,22,15,1375,15.3,3,1,4,3,0,0,3,0,0.20,0.07,0.26,0.20,0.26,38e7be8a
328,Mark Molesley,eng ENG,MF,Aldershot Town,33,1981,19,15,1239,13.8,1,1,2,1,0,0,2,0,0.07,0.07,0.15,0.07,0.15,6a88f75d
329,Andy Monkhouse,eng ENG,FWMF,Bristol Rovers,33,1980,39,36,3166,35.2,8,2,10,8,0,0,4,1,0.23,0.06,0.28,0.23,0.28,e23797e6
330,Jason Mooney,nir NIR,GK,Alfreton Town,25,1989,13,13,1170,13.0,0,0,0,0,0,0,1,0,0.00,0.00,0.00,0.00,0.00,76ba7b76
331,Corby Moore,eng ENG,MF,Forest Green,20,1993,1,0,2,0.0,0,0,0,0,0,0,0,0,0.00,0.00,0.00,0.00,0.00,4fab39e0
332,Dean Morgan,ms MSR,FWMF,Woking,30,1983,25,23,1997,22.2,9,3,12,9,0,0,1,0,0.41,0.14,0.54,0.41,0.54,38a6c299
333,Kieron Morris,eng ENG,FWMF,Wrexham,20,1994,9,8,691,7.7,2,0,2,2,0,0,0,0,0.26,0.00,0.26,0.26,0.26,d5bb505a
334,Louis Moult,eng ENG,FW,Wrexham,22,1992,39,32,2800,31.1,16,2,18,15,1,1,4,2,0.51,0.06,0.58,0.48,0.55,240267a4
335,Sam Muggleton,eng ENG,DFMF,Barnet,18,1995,16,7,742,8.2,1,2,3,1,0,0,1,0,0.12,0.24,0.36,0.12,0.36,289f0f13
336,Jack Muldoon,eng ENG,FWMF,FC Halifax Town,25,1989,12,8,739,8.2,2,1,3,2,0,0,2,0,0.24,0.12,0.37,0.24,0.37,088e1392
337,James Mulley,eng ENG,MF,Braintree Town,25,1988,38,31,2685,29.8,3,0,3,3,0,0,3,0,0.10,0.00,0.10,0.10,0.10,8a0c5387
338,Tom Murphy,eng ENG,FW,Dover Athletic,22,1991,36,31,2705,30.1,11,7,18,11,0,0,1,0,0.37,0.23,0.60,0.37,0.60,35c2e6dd
339,Keiran Murtagh,ag ATG,DFMF,Woking,25,1988,34,24,2160,24.0,0,2,2,0,0,0,5,0,0.00,0.08,0.08,0.00,0.08,56f56fa6
340,Bondz N'Gala,eng ENG,DF,Barnet,24,1989,44,43,3705,41.2,1,0,1,1,0,0,5,1,0.02,0.00,0.02,0.02,0.02,4bcf595b
341,Joseph N'Guessan,eng ENG,FW,Aldershot Town,19,1995,18,5,585,6.5,2,0,2,2,0,0,0,0,0.31,0.00,0.31,0.31,0.31,60d8f2a4
342,Christian Nanetti,it ITA,FW,Dover Athletic,22,1991,19,7,862,9.6,1,2,3,1,0,1,0,0,0.10,0.21,0.31,0.10,0.31,e9c187d1
343,Scott Neilson,eng ENG,MF,Grimsby Town,27,1987,20,17,1441,16.0,5,4,9,5,0,0,1,0,0.31,0.25,0.56,0.31,0.56,b1487313
344,Adam Newton,kn SKN,DFMF,Woking,33,1980,35,22,2268,25.2,3,1,4,3,0,0,3,0,0.12,0.04,0.16,0.12,0.16,4718c54c
345,Sean Newton,eng ENG,DF,Lincoln City,25,1988,32,32,2835,31.5,4,12,16,1,3,4,5,0,0.13,0.38,0.51,0.03,0.41,19680057
346,Kevin Nicholson,eng ENG,DF,Harriers,33,1980,43,41,3765,41.8,1,7,8,1,0,0,0,0,0.02,0.17,0.19,0.02,0.19,0bc7b89e
347,Jon Nolan,eng ENG,MF,Lincoln City,22,1992,34,28,2186,24.3,1,2,3,1,0,0,2,1,0.04,0.08,0.12,0.04,0.12,c29ec816
348,James Norwood,eng ENG,FWMF,Forest Green,23,1990,37,26,2405,26.7,11,2,13,10,1,2,7,1,0.41,0.07,0.49,0.37,0.45,f01b35ea
349,Joel Nouble,eng ENG,FWMF,Welling United,18,1996,12,6,514,5.7,0,0,0,0,0,0,1,1,0.00,0.00,0.00,0.00,0.00,50c1ada4
350,Aristote Nsiala,cd COD,DF,Grimsby Town,22,1992,40,40,3533,39.3,0,3,3,0,0,0,13,0,0.00,0.08,0.08,0.00,0.08,e9f39c42
351,Jon Nurse,bb BRB,FWMF,Barnet,33,1981,11,6,459,5.1,0,2,2,0,0,0,0,0,0.00,0.39,0.39,0.00,0.39,fa0e259d
352,John Nutter,eng ENG,DF,Woking,32,1982,5,3,213,2.4,0,0,0,0,0,0,0,0,0.00,0.00,0.00,0.00,0.00,9091ccb8
353,Josh O'Keefe,ie IRL,MF,Harriers,25,1988,3,2,196,2.2,0,0,0,0,0,0,1,0,0.00,0.00,0.00,0.00,0.00,72310255
354,Josh O'Keefe,ie IRL,MF,Chester,25,1988,3,2,150,1.7,0,0,0,0,0,0,0,0,0.00,0.00,0.00,0.00,0.00,72310255
355,Josh O'Keefe,ie IRL,MF,Telford United,25,1988,5,5,450,5.0,0,0,0,0,0,0,0,0,0.00,0.00,0.00,0.00,0.00,72310255
356,Joe Oastler,eng ENG,DFMF,Aldershot Town,24,1990,33,33,2917,32.4,1,2,3,1,0,0,6,0,0.03,0.06,0.09,0.03,0.09,e1433105
357,Rhys Oates,eng ENG,FWMF,Grimsby Town,19,1994,6,1,156,1.7,1,2,3,1,0,0,0,0,0.58,1.15,1.73,0.58,1.73,2fd98a53
358,Rhys Oates,eng ENG,FWMF,Chester,19,1994,6,5,474,5.3,2,1,3,2,0,0,0,0,0.38,0.19,0.57,0.38,0.57,2fd98a53
359,Afolabi Obafemi,eng ENG,FW,Welling United,19,1994,5,4,359,4.0,0,0,0,0,0,0,2,0,0.00,0.00,0.00,0.00,0.00,5378e5b9
360,Yemi Odubade,ng NGA,FW,Eastleigh,30,1984,14,1,370,4.1,0,0,0,0,0,0,0,0,0.00,0.00,0.00,0.00,0.00,c8e01499
361,Yemi Odubade,ng NGA,FW,Woking,30,1984,15,12,950,10.6,7,1,8,7,0,0,1,0,0.66,0.09,0.76,0.66,0.76,c8e01499
362,Rob Ogleby,wls WAL,FW,Nuneaton Town,22,1992,13,11,765,8.5,1,1,2,1,0,0,0,0,0.12,0.12,0.24,0.12,0.24,d79b3d00
363,Luke Oliver,eng ENG,DF,Forest Green,30,1984,20,20,1716,19.1,1,2,3,1,0,0,2,0,0.05,0.10,0.16,0.05,0.16,b2609dc2
364,Jake Orrell,eng ENG,FW,Gateshead,17,1997,6,0,92,1.0,0,0,0,0,0,0,0,0,0.00,0.00,0.00,0.00,0.00,7632b212
365,Eddie Oshodi,eng ENG,DF,Forest Green,22,1992,12,10,989,11.0,1,1,2,1,0,0,3,0,0.09,0.09,0.18,0.09,0.18,292b7b1a
366,John Oster,wls WAL,MF,Gateshead,35,1978,35,35,2822,31.4,1,1,2,1,0,0,1,0,0.03,0.03,0.06,0.03,0.06,bbf029eb
367,Andy Owens,eng ENG,DF,Telford United,24,1989,16,13,1153,12.8,1,1,2,1,0,0,2,0,0.08,0.08,0.16,0.08,0.16,d47c77f3
368,Emmanuel Oyeleke,eng ENG,DFMF,Aldershot Town,21,1992,8,8,654,7.3,0,0,0,0,0,0,1,0,0.00,0.00,0.00,0.00,0.00,ea46ac31
369,Emmanuel Oyeleke,eng ENG,DFMF,Woking,21,1992,5,1,125,1.4,0,0,0,0,0,0,0,0,0.00,0.00,0.00,0.00,0.00,ea46ac31
370,Ollie Palmer,eng ENG,FW,Grimsby Town,22,1992,13,12,1000,11.1,6,2,8,6,0,0,0,0,0.54,0.18,0.72,0.54,0.72,b906ba46
371,Tom Parkes,eng ENG,DF,Bristol Rovers,22,1992,46,45,4094,45.5,4,0,4,4,0,0,5,0,0.09,0.00,0.09,0.09,0.09,87a8e452
372,Jon Parkin,eng ENG,DFFW,Forest Green,32,1981,45,40,3578,39.8,25,2,27,21,4,5,5,0,0.63,0.05,0.68,0.53,0.58,e8ec19c2
373,Andy Parry,eng ENG,DF,Southport,22,1991,4,4,244,2.7,0,0,0,0,0,0,0,0,0.00,0.00,0.00,0.00,0.00,2a253b20
374,Andy Parry,eng ENG,DF,Telford United,22,1991,10,10,900,10.0,2,0,2,2,0,0,5,0,0.20,0.00,0.20,0.20,0.20,2a253b20
375,Danny Parslow,wls WAL,DF,Grimsby Town,28,1985,26,21,1898,21.1,0,0,0,0,0,0,1,0,0.00,0.00,0.00,0.00,0.00,3a0d3acb
376,Joe Partington,wls WAL,DFMF,Eastleigh,24,1990,17,16,1451,16.1,2,2,4,2,0,0,4,0,0.12,0.12,0.25,0.12,0.25,902e61f7
377,Matty Pattison,za RSA,MF,Gateshead,27,1986,28,28,2320,25.8,4,2,6,4,0,0,8,0,0.16,0.08,0.23,0.16,0.23,5a34dfe5
378,Alfie Pavey,eng ENG,FW,Barnet,18,1995,3,0,67,0.7,0,0,0,0,0,0,1,0,0.00,0.00,0.00,0.00,0.00,ddf544a8
379,Josh Payne,eng ENG,MF,Woking,23,1990,42,42,3712,41.2,8,3,11,7,1,1,9,1,0.19,0.07,0.27,0.17,0.24,de015490
380,Stefan Payne,eng ENG,FW,Dover Athletic,22,1991,42,37,2998,33.3,15,9,24,14,1,2,2,0,0.45,0.27,0.72,0.42,0.69,78877135
381,Krystian Pearce,bb BRB,DF,Torquay United,24,1990,32,28,2566,28.5,1,0,1,1,0,0,5,0,0.04,0.00,0.04,0.04,0.04,8fc3af9f
382,James Pearson,eng ENG,DF,Wrexham,21,1993,5,5,424,4.7,0,1,1,0,0,0,0,0,0.00,0.21,0.21,0.00,0.21,44406487
383,Matty Pearson,eng ENG,DF,FC Halifax Town,20,1993,41,36,3199,35.5,3,2,5,3,0,0,8,1,0.08,0.06,0.14,0.08,0.14,d54e009e
384,Shaun Pearson,eng ENG,DFMF,Grimsby Town,25,1989,42,42,3741,41.6,4,0,4,4,0,0,9,0,0.10,0.00,0.10,0.10,0.10,37ee52da
385,Harry Pell,eng ENG,MF,Eastleigh,22,1991,13,13,1075,11.9,0,0,0,0,0,0,4,0,0.00,0.00,0.00,0.00,0.00,3924d508
386,Harry Pell,eng ENG,MF,Grimsby Town,22,1991,5,5,400,4.4,0,2,2,0,0,0,1,0,0.00,0.45,0.45,0.00,0.45,3924d508
387,Richard Peniket,wls WAL,FW,FC Halifax Town,21,1993,34,24,2204,24.5,6,0,6,6,0,0,4,0,0.25,0.00,0.25,0.25,0.25,051f4dcf
388,Carl Pentney,eng ENG,GK,Braintree Town,24,1989,2,2,180,2.0,0,0,0,0,0,0,0,0,0.00,0.00,0.00,0.00,0.00,85331cc6
389,Kyle Perry,eng ENG,FW,Altrincham,28,1986,43,18,1948,21.6,6,2,8,6,0,0,3,0,0.28,0.09,0.37,0.28,0.37,e5824482
390,Ryan Peters,eng ENG,DFFW,Braintree Town,26,1987,31,27,2311,25.7,1,1,2,1,0,0,5,0,0.04,0.04,0.08,0.04,0.08,0049be4b
391,Mike Phenix,eng ENG,FW,Macclesfield,25,1989,3,0,65,0.7,0,0,0,0,0,0,0,0,0.00,0.00,0.00,0.00,0.00,8b13adeb
392,Mike Phenix,eng ENG,FW,Telford United,25,1989,14,12,1036,11.5,6,3,9,6,0,0,1,1,0.52,0.26,0.78,0.52,0.78,8b13adeb
393,Jimmy Phillips,eng ENG,MF,Alfreton Town,24,1989,5,3,302,3.4,0,0,0,0,0,0,0,0,0.00,0.00,0.00,0.00,0.00,0d41fb5f
394,Mark Phillips,eng ENG,DF,Aldershot Town,32,1982,5,5,390,4.3,0,0,0,0,0,0,0,0,0.00,0.00,0.00,0.00,0.00,bf1c0430
395,George Pilkington,eng ENG,DF,Macclesfield,32,1981,44,44,3856,42.8,1,2,3,1,0,0,5,1,0.02,0.05,0.07,0.02,0.07,61dddd00
396,David Pipe,wls WAL,DFMF,Forest Green,30,1983,34,30,2680,29.8,0,3,3,0,0,0,4,0,0.00,0.10,0.10,0.00,0.10,ae3183d0
397,Jon-Paul Pittman,eng ENG,FWMF,Grimsby Town,27,1986,31,20,1618,18.0,9,8,17,9,0,0,2,0,0.50,0.44,0.95,0.50,0.95,3a3f2786
398,Kristian Platt,eng ENG,DF,Telford United,22,1991,13,8,706,7.8,1,0,1,1,0,0,4,0,0.13,0.00,0.13,0.13,0.13,2861d8d8
399,Tristan Plummer,eng ENG,FWMF,Aldershot Town,24,1990,19,9,1024,11.4,3,0,3,3,0,0,2,0,0.26,0.00,0.26,0.26,0.26,2e2846ab
400,Godfrey Poku,eng ENG,MF,Telford United,24,1990,38,36,3164,35.2,0,0,0,0,0,0,6,3,0.00,0.00,0.00,0.00,0.00,1fd3af92
401,James Poole,eng ENG,FWMF,Dover Athletic,24,1990,17,1,303,3.4,1,2,3,0,1,1,0,0,0.30,0.59,0.89,0.00,0.59,6f90c389
402,Alan Power,ie IRL,MF,Lincoln City,26,1988,37,33,2914,32.4,7,1,8,4,3,3,12,2,0.22,0.03,0.25,0.12,0.15,b773f1af
403,Will Puddy,eng ENG,GK,Bristol Rovers,26,1987,15,14,1351,15.0,0,0,0,0,0,0,0,0,0.00,0.00,0.00,0.00,0.00,e061a404
404,Andy Pugh,eng ENG,FW,Dartford,25,1989,29,19,1597,17.7,4,1,5,4,0,0,1,1,0.23,0.06,0.28,0.23,0.28,26cfac0a
405,Darren Purse,eng ENG,DF,Welling United,37,1977,5,5,450,5.0,0,0,0,0,0,0,2,0,0.00,0.00,0.00,0.00,0.00,70137152
406,Aarran Racine,eng ENG,DF,Forest Green,22,1991,17,16,1488,16.5,3,0,3,3,0,0,3,0,0.18,0.00,0.18,0.18,0.18,15c5415d
407,Andy Rafferty,eng ENG,GK,Dover Athletic,26,1988,25,25,2250,25.0,0,0,0,0,0,0,0,0,0.00,0.00,0.00,0.00,0.00,0db5315d
408,Sean Raggett,eng ENG,DF,Dover Athletic,21,1993,31,26,2399,26.7,4,0,4,4,0,0,6,1,0.15,0.00,0.15,0.15,0.15,5dd438af
409,Michael Rankine,eng ENG,FW,Gateshead,29,1985,29,15,1621,18.0,4,1,5,4,0,0,4,0,0.22,0.06,0.28,0.22,0.28,7fd7cfc3
410,Giorgio Rasulo,eng ENG,FWMF,Aldershot Town,17,1997,4,0,73,0.8,0,0,0,0,0,0,0,0,0.00,0.00,0.00,0.00,0.00,16ba7ce1
411,David Raya,es ESP,GK,Southport,18,1995,16,16,1440,16.0,0,0,0,0,0,0,0,0,0.00,0.00,0.00,0.00,0.00,98ea5115
412,Josh Rees,eng ENG,DFFW,Nuneaton Town,20,1993,8,8,720,8.0,1,0,1,1,0,0,2,0,0.12,0.00,0.12,0.12,0.12,89dd9814
413,Craig Reid,eng ENG,FW,Harriers,28,1985,31,23,1990,22.1,4,3,7,3,1,1,0,0,0.18,0.14,0.32,0.14,0.27,b0f57e90
414,Jamie Reid,nir NIR,FWMF,Torquay United,20,1994,2,1,66,0.7,0,0,0,0,0,0,0,0,0.00,0.00,0.00,0.00,0.00,a7b27bcf
415,Paul Reid,eng ENG,DF,Eastleigh,32,1982,29,29,2587,28.7,1,1,2,1,0,0,5,0,0.03,0.03,0.07,0.03,0.07,b4ca388e
416,Scott Rendell,eng ENG,FW,Woking,27,1986,40,37,3237,36.0,24,4,28,17,7,7,2,0,0.67,0.11,0.78,0.47,0.58,2c88b447
417,Martin Rice,eng ENG,GK,Torquay United,28,1986,35,35,3150,35.0,0,0,0,0,0,0,2,0,0.00,0.00,0.00,0.00,0.00,9b835f20
418,Jamie Richards,eng ENG,DF,Dartford,20,1994,16,16,1435,15.9,0,0,0,0,0,0,2,0,0.00,0.00,0.00,0.00,0.00,cba806d6
419,Tom Richards,eng ENG,DF,Aldershot Town,19,1994,9,2,348,3.9,0,0,0,0,0,0,0,0,0.00,0.00,0.00,0.00,0.00,0f559f21
420,Simon Richman,eng ENG,MF,Altrincham,24,1990,38,34,2959,32.9,1,2,3,1,0,0,3,1,0.03,0.06,0.09,0.03,0.09,f3eb2d66
421,Mark Ricketts,eng ENG,DFMF,Woking,29,1984,22,22,1810,20.1,0,0,0,0,0,0,1,0,0.00,0.00,0.00,0.00,0.00,427ca539
422,Cal Roberts,eng ENG,FWMF,Gateshead,17,1997,3,3,225,2.5,0,0,0,0,0,0,0,0,0.00,0.00,0.00,0.00,0.00,8e9caf48
423,Gareth Roberts,wls WAL,DFMF,Chester,36,1978,42,40,3436,38.2,0,3,3,0,0,0,3,1,0.00,0.08,0.08,0.00,0.08,2868cb4b
424,Jordan Roberts,eng ENG,FWMF,Aldershot Town,20,1994,38,37,3254,36.2,5,4,9,5,0,0,10,1,0.14,0.11,0.25,0.14,0.25,a044cd17
425,Kevin Roberts,eng ENG,DFMF,FC Halifax Town,24,1989,24,21,1980,22.0,0,0,0,0,0,0,3,0,0.00,0.00,0.00,0.00,0.00,b343f070
426,Marc Roberts,eng ENG,DF,FC Halifax Town,24,1990,45,45,4036,44.8,4,2,6,4,0,0,5,1,0.09,0.04,0.13,0.09,0.13,51907c14
427,Gregor Robertson,sct SCO,DF,Grimsby Town,30,1984,14,14,1209,13.4,0,0,0,0,0,0,6,0,0.00,0.00,0.00,0.00,0.00,caca17a2
428,Matt Robinson,eng ENG,DFMF,Harriers,20,1994,6,6,515,5.7,0,0,0,0,0,0,1,0,0.00,0.00,0.00,0.00,0.00,ac487578
429,Matty Robson,eng ENG,DFMF,Gateshead,29,1985,3,3,270,3.0,0,0,0,0,0,0,0,0,0.00,0.00,0.00,0.00,0.00,4db6aebe
430,Luke Rodgers,eng ENG,FW,Forest Green,32,1982,10,4,396,4.4,0,0,0,0,0,0,1,0,0.00,0.00,0.00,0.00,0.00,0510e157
431,Alex Rodman,eng ENG,MF,Gateshead,27,1987,39,37,3178,35.3,9,8,17,8,1,2,3,1,0.25,0.23,0.48,0.23,0.45,dbc94d15
432,John Rooney,eng ENG,DFFW,Chester,23,1990,46,43,3848,42.8,11,7,18,8,3,4,5,0,0.26,0.16,0.42,0.19,0.35,94f9f696
433,Domaine Rouse,eng ENG,FW,Macclesfield,25,1989,5,3,314,3.5,1,0,1,1,0,0,0,0,0.29,0.00,0.29,0.29,0.29,6e1daec6
434,Danny Rowe,eng ENG,MF,Macclesfield,22,1992,10,5,460,5.1,0,0,0,0,0,0,1,0,0.00,0.00,0.00,0.00,0.00,4f6203ea
435,Lathaniel Rowe-Turner,eng ENG,DF,Alfreton Town,24,1989,44,44,3930,43.7,1,1,2,1,0,0,8,1,0.02,0.02,0.05,0.02,0.05,9fb3237c
436,Sam Russell,eng ENG,GK,Forest Green,31,1982,34,34,3060,34.0,0,0,0,0,0,0,1,0,0.00,0.00,0.00,0.00,0.00,20ea1349
437,Greg Rutherford,eng ENG,FWMF,Dover Athletic,20,1994,3,0,37,0.4,0,0,0,0,0,0,0,0,0.00,0.00,0.00,0.00,0.00,44abfb90
438,Paul Rutherford,eng ENG,DFMF,Southport,27,1987,40,29,2807,31.2,3,3,6,3,0,0,7,0,0.10,0.10,0.19,0.10,0.19,9d9dd0cb
439,Brian Saah,eng ENG,DF,Woking,27,1986,8,8,718,8.0,0,0,0,0,0,0,0,1,0.00,0.00,0.00,0.00,0.00,fe86db6b
440,Kevin Sainte-Luce,gp GLP,MF,Gateshead,21,1993,13,6,660,7.3,3,0,3,3,0,0,0,0,0.41,0.00,0.41,0.41,0.41,be750175
441,Delano Sam-Yorke,eng ENG,FW,Lincoln City,25,1989,33,24,2056,22.8,5,1,6,5,0,0,4,2,0.22,0.04,0.26,0.22,0.26,6d2b9fee
442,Jack Sampson,eng ENG,FW,Macclesfield,21,1993,4,3,246,2.7,2,0,2,2,0,0,0,0,0.73,0.00,0.73,0.73,0.73,d3b4f4ed
443,Matthew Saunders,eng ENG,MF,Aldershot Town,24,1989,8,8,678,7.5,0,0,0,0,0,0,0,0,0.00,0.00,0.00,0.00,0.00,b39a13f1
444,Matthew Saunders,eng ENG,MF,Dover Athletic,24,1989,1,0,21,0.2,0,0,0,0,0,0,0,0,0.00,0.00,0.00,0.00,0.00,b39a13f1
445,Jack Saville,eng ENG,DF,Barnet,23,1991,26,14,1369,15.2,0,0,0,0,0,0,2,0,0.00,0.00,0.00,0.00,0.00,905ec14a
446,Danny Schofield,eng ENG,FWMF,FC Halifax Town,34,1980,35,20,2019,22.4,1,1,2,1,0,0,3,0,0.04,0.04,0.09,0.04,0.09,c266a6ce
447,Josh Scott,eng ENG,FW,Aldershot Town,29,1985,23,12,1161,12.9,2,2,4,2,0,0,1,1,0.16,0.16,0.31,0.16,0.31,a7d489ca
448,Jordan Seabright,eng ENG,GK,Torquay United,20,1994,6,6,540,6.0,0,0,0,0,0,0,0,0,0.00,0.00,0.00,0.00,0.00,df9521a6
449,Ian Sharps,eng ENG,DF,Telford United,33,1980,15,15,1380,15.3,0,0,0,0,0,0,4,0,0.00,0.00,0.00,0.00,0.00,111d207f
450,Jon Shaw,eng ENG,FW,Gateshead,30,1983,30,21,1981,22.0,8,0,8,6,2,2,3,0,0.36,0.00,0.36,0.27,0.27,341f6ba5
451,Tom Shaw,eng ENG,MF,Alfreton Town,27,1986,42,34,3109,34.5,7,2,9,7,0,0,2,0,0.20,0.06,0.26,0.20,0.26,33902345
452,Jake Sheridan,eng ENG,MF,Alfreton Town,28,1986,14,5,592,6.6,0,0,0,0,0,0,1,0,0.00,0.00,0.00,0.00,0.00,004ffd27
453,Tobi Sho-Silva,eng ENG,FWMF,Welling United,19,1995,3,3,233,2.6,0,1,1,0,0,0,2,0,0.00,0.39,0.39,0.00,0.39,d4c9b726
454,Rob Sinclair,eng ENG,MF,Forest Green,24,1989,41,40,3399,37.8,3,7,10,3,0,0,5,0,0.08,0.19,0.26,0.08,0.26,7d4bcd00
455,Stuart Sinclair,eng ENG,DFMF,Bristol Rovers,26,1987,27,24,2194,24.4,2,2,4,2,0,0,2,1,0.08,0.08,0.16,0.08,0.16,ce458b0c
456,Jordan Sinnott,eng ENG,MF,Altrincham,20,1994,13,8,756,8.4,1,1,2,1,0,0,2,0,0.12,0.12,0.24,0.12,0.24,28e15292
457,Adam Smith,eng ENG,MF,FC Halifax Town,29,1985,40,28,2313,25.7,1,4,5,1,0,0,4,0,0.04,0.16,0.19,0.04,0.19,8d2b83b5
458,Chris Smith,eng ENG,DF,Alfreton Town,33,1981,8,8,675,7.5,0,0,0,0,0,0,3,0,0.00,0.00,0.00,0.00,0.00,d96b8049
459,Manny Smith,eng ENG,DF,Wrexham,25,1988,46,46,4140,46.0,0,1,1,0,0,0,3,0,0.00,0.02,0.02,0.00,0.02,8b23fc58
460,Paul Smith,eng ENG,DF,Southport,22,1991,24,17,1513,16.8,2,1,3,2,0,0,2,0,0.12,0.06,0.18,0.12,0.18,350e4fa8
461,Phil Smith,eng ENG,GK,Aldershot Town,34,1979,45,45,4050,45.0,0,0,0,0,0,0,1,1,0.00,0.00,0.00,0.00,0.00,1e436f8f
462,Ryan Smith,eng ENG,FWMF,Nuneaton Town,27,1986,27,21,1936,21.5,1,1,2,1,0,0,0,0,0.05,0.05,0.09,0.05,0.09,0769f566
463,Onome Sodje,ng NGA,FW,Nuneaton Town,26,1988,29,18,1606,17.8,4,0,4,4,0,0,0,0,0.22,0.00,0.22,0.22,0.22,684721bc
464,Omar Sowunmi,eng ENG,DFMF,Braintree Town,18,1995,3,3,270,3.0,0,0,0,0,0,0,1,0,0.00,0.00,0.00,0.00,0.00,690a024b
465,Jake Speight,eng ENG,FW,Alfreton Town,28,1985,8,4,388,4.3,0,0,0,0,0,0,1,0,0.00,0.00,0.00,0.00,0.00,df456668
466,Raphael Spiegel,ch SUI,GK,Barnet,21,1992,1,1,90,1.0,0,0,0,0,0,0,0,0,0.00,0.00,0.00,0.00,0.00,050b9803
467,Fabian Spiess,de GER,GK,Bristol Rovers,20,1994,3,3,270,3.0,0,0,0,0,0,0,0,0,0.00,0.00,0.00,0.00,0.00,d94e32df
468,Kieron St Aimie,eng ENG,FW,Welling United,25,1989,30,18,1745,19.4,2,1,3,2,0,0,2,0,0.10,0.05,0.15,0.10,0.15,bd996a87
469,Graham Stack,ie IRL,GK,Barnet,32,1981,45,45,4050,45.0,0,0,0,0,0,0,4,0,0.00,0.00,0.00,0.00,0.00,981bc560
470,Simonas Stankevičius,lt LTU,FW,Nuneaton Town,18,1995,5,1,191,2.1,0,0,0,0,0,0,0,0,0.00,0.00,0.00,0.00,0.00,ee5cc835
471,Craig Stanley,eng ENG,MF,Eastleigh,31,1983,32,29,2497,27.7,5,1,6,5,0,0,3,0,0.18,0.04,0.22,0.18,0.22,96e38c06
472,Ben Starosta,pl POL,DFMF,Nuneaton Town,27,1987,11,8,750,8.3,0,1,1,0,0,0,1,0,0.00,0.12,0.12,0.00,0.12,143dd1b8
473,David Stephens,wls WAL,DFMF,Barnet,22,1991,42,37,3381,37.6,0,2,2,0,0,0,6,1,0.00,0.05,0.05,0.00,0.05,3afd5b32
474,Mathew Stevens,eng ENG,FW,Barnet,16,1998,1,0,9,0.1,0,0,0,0,0,0,0,0,0.00,0.00,0.00,0.00,0.00,9bffd410
475,Jim Stevenson,eng ENG,MF,Aldershot Town,22,1992,14,13,1081,12.0,3,0,3,3,0,0,2,0,0.25,0.00,0.25,0.25,0.25,42d9ae2a
476,Lee Stevenson,eng ENG,MF,Alfreton Town,30,1984,14,8,824,9.2,1,0,1,1,0,0,0,0,0.11,0.00,0.11,0.11,0.11,5de5d58b
477,Jon Stewart,eng ENG,GK,Alfreton Town,25,1989,3,3,270,3.0,0,0,0,0,0,0,0,0,0.00,0.00,0.00,0.00,0.00,8f91af66
478,Chris Stokes,eng ENG,DF,Forest Green,23,1991,18,15,1360,15.1,1,0,1,1,0,0,1,0,0.07,0.00,0.07,0.07,0.07,de1260a3
479,Craig Stone,eng ENG,MF,Dover Athletic,25,1988,18,18,1544,17.2,0,3,3,0,0,0,0,0,0.00,0.17,0.17,0.00,0.17,0a0a0340
480,Kyle Storer,eng ENG,DFMF,Wrexham,27,1987,13,11,930,10.3,1,4,5,1,0,0,2,0,0.10,0.39,0.48,0.10,0.48,321f4b47
481,Kyle Storer,eng ENG,DFMF,Harriers,27,1987,23,23,2042,22.7,3,3,6,3,0,0,6,0,0.13,0.13,0.26,0.13,0.26,321f4b47
482,Theo Streete,eng ENG,DF,Nuneaton Town,26,1987,42,42,3678,40.9,1,0,1,1,0,0,5,1,0.02,0.00,0.02,0.02,0.02,bb1b212c
483,Ben Strevens,eng ENG,FWMF,Eastleigh,34,1980,45,44,3850,42.8,7,3,10,4,3,3,8,0,0.16,0.07,0.23,0.09,0.16,e86e0364
484,Charlie Strutton,eng ENG,FW,Braintree Town,25,1989,11,7,518,5.8,4,0,4,3,1,1,2,0,0.69,0.00,0.69,0.52,0.52,552c46e4
485,Reece Styche,gi GIB,FW,Harriers,25,1989,19,10,822,9.1,2,0,2,2,0,0,3,0,0.22,0.00,0.22,0.22,0.22,fcc9bb3f
486,Danny Sullivan,eng ENG,FW,Torquay United,19,1994,1,0,3,0.0,0,0,0,0,0,0,0,0,0.00,0.00,0.00,0.00,0.00,78e2f1d1
487,Peter Sweeney,sct SCO,MF,Dartford,29,1984,36,29,2641,29.3,1,4,5,1,0,0,3,0,0.03,0.14,0.17,0.03,0.17,f6453143
488,Michael Symes,eng ENG,FW,Southport,30,1983,2,0,28,0.3,0,0,0,0,0,0,0,0,0.00,0.00,0.00,0.00,0.00,bdfe4b00
489,Solomon Taiwo,ng NGA,MF,Dover Athletic,29,1985,23,21,1824,20.3,0,1,1,0,0,0,3,0,0.00,0.05,0.05,0.00,0.05,ff65f197
490,Scott Tancock,wls WAL,DF,Wrexham,20,1993,2,2,151,1.7,0,0,0,0,0,0,1,0,0.00,0.00,0.00,0.00,0.00,ff2c1f3b
491,Bradley Tarbuck,eng ENG,MF,Dartford,18,1995,2,0,36,0.4,0,0,0,0,0,0,0,0,0.00,0.00,0.00,0.00,0.00,cfc211d4
492,Danny Taylor,eng ENG,DF,Chester,22,1991,4,4,327,3.6,0,1,1,0,0,0,0,0,0.00,0.28,0.28,0.00,0.28,e7aa98ac
493,Matty Taylor,eng ENG,FW,Bristol Rovers,24,1990,45,41,3490,38.8,19,4,23,14,5,6,5,0,0.49,0.10,0.59,0.36,0.46,208122ee
494,Rhys Taylor,wls WAL,GK,Macclesfield,24,1990,46,46,4140,46.0,0,0,0,0,0,0,1,0,0.00,0.00,0.00,0.00,0.00,f093c55a
495,Andi Thanoj,al ALB,MF,Alfreton Town,21,1992,24,18,1626,18.1,2,1,3,2,0,0,1,0,0.11,0.06,0.17,0.11,0.17,1f7362d9
496,Adam Thomas,nz NZL,DFMF,Macclesfield,22,1992,2,0,23,0.3,0,0,0,0,0,0,1,0,0.00,0.00,0.00,0.00,0.00,66468191
497,Aswad Thomas,eng ENG,DF,Grimsby Town,24,1989,13,13,1094,12.2,0,0,0,0,0,0,0,0,0.00,0.00,0.00,0.00,0.00,c898de36
498,Aswad Thomas,eng ENG,DF,Woking,24,1989,2,2,155,1.7,0,0,0,0,0,0,0,0,0.00,0.00,0.00,0.00,0.00,c898de36
499,Dan Thomas,eng ENG,GK,Aldershot Town,22,1991,2,1,91,1.0,0,0,0,0,0,0,0,0,0.00,0.00,0.00,0.00,0.00,553434ab
500,Joe Thompson,eng ENG,MF,Southport,25,1989,4,3,231,2.6,0,0,0,0,0,0,0,0,0.00,0.00,0.00,0.00,0.00,245ea70b
501,Niall Thompson,ca CAN,FW,Torquay United,40,1974,3,1,119,1.3,0,0,0,0,0,0,0,0,0.00,0.00,0.00,0.00,0.00,0c01547a
502,Tony Thompson,eng ENG,GK,Southport,19,1994,7,7,630,7.0,0,0,0,0,0,0,0,0,0.00,0.00,0.00,0.00,0.00,4593884f
503,Andy Todd,eng ENG,FWMF,Telford United,35,1979,16,12,988,11.0,1,0,1,1,0,0,5,0,0.09,0.00,0.09,0.09,0.09,cfcd71bc
504,Chris Todd,wls WAL,DF,Eastleigh,32,1981,9,4,418,4.6,0,0,0,0,0,0,0,0,0.00,0.00,0.00,0.00,0.00,cb5e69fc
505,Sam Togwell,eng ENG,MF,Barnet,29,1984,42,38,3313,36.8,0,6,6,0,0,0,1,0,0.00,0.16,0.16,0.00,0.16,50ba9c69
506,Steve Tomassen,eng ENG,DF,Wrexham,20,1993,19,17,1587,17.6,0,2,2,0,0,0,0,0,0.00,0.11,0.11,0.00,0.11,78c6f25d
507,Ben Tomlinson,eng ENG,FW,Lincoln City,24,1989,46,39,3650,40.6,14,4,18,12,2,3,8,0,0.35,0.10,0.44,0.30,0.39,10c3f212
508,Dale Tonge,eng ENG,DFMF,Torquay United,29,1985,17,17,1485,16.5,0,0,0,0,0,0,2,0,0.00,0.00,0.00,0.00,0.00,e90a065f
509,Anthony Tonkin,eng ENG,DF,Aldershot Town,34,1980,11,9,708,7.9,0,0,0,0,0,0,0,0,0.00,0.00,0.00,0.00,0.00,a07d2c72
510,Ibou Touray,gm GAM,DFMF,Chester,19,1994,19,7,979,10.9,0,0,0,0,0,0,3,1,0.00,0.00,0.00,0.00,0.00,8f06f479
511,Nick Townsend,ag ATG,GK,Lincoln City,19,1994,17,17,1530,17.0,0,0,0,0,0,0,0,0,0.00,0.00,0.00,0.00,0.00,a989a8c9
512,Neal Trotman,eng ENG,DF,Bristol Rovers,27,1987,19,17,1465,16.3,1,0,1,1,0,0,2,0,0.06,0.00,0.06,0.06,0.06,fb088309
513,Kabongo Tshimanga,eng ENG,FWMF,Aldershot Town,16,1997,2,0,21,0.2,0,0,0,0,0,0,0,0,0.00,0.00,0.00,0.00,0.00,43a62ad4
514,Jamie Turley,eng ENG,DF,Eastleigh,24,1990,12,12,1025,11.4,2,0,2,2,0,0,0,0,0.18,0.00,0.18,0.18,0.18,db4f9d59
515,Paul Turnbull,eng ENG,DFMF,Macclesfield,25,1989,37,36,3172,35.2,4,5,9,4,0,0,9,0,0.11,0.14,0.26,0.11,0.26,cbb0fa01
516,Phil Turnbull,eng ENG,MF,Gateshead,27,1987,28,28,2512,27.9,2,0,2,2,0,0,5,0,0.07,0.00,0.07,0.07,0.07,25e982df
517,Danny Ventre,eng ENG,MF,Telford United,28,1986,17,16,1420,15.8,1,0,1,1,0,0,8,0,0.06,0.00,0.06,0.06,0.06,fe2fd72f
518,Aman Verma,eng ENG,MF,Harriers,27,1987,35,30,2657,29.5,4,2,6,4,0,0,1,0,0.14,0.07,0.20,0.14,0.20,b5121767
519,Magno Vieira,br BRA,FW,Nuneaton Town,29,1985,2,1,110,1.2,0,0,0,0,0,0,0,0,0.00,0.00,0.00,0.00,0.00,b5535c41
520,Mauro Vilhete,st STP,DFMF,Barnet,21,1993,30,26,2269,25.2,5,1,6,5,0,0,3,0,0.20,0.04,0.24,0.20,0.24,a2fece58
521,Rowan Vine,eng ENG,FW,Welling United,31,1982,2,1,88,1.0,1,1,2,0,1,1,0,0,1.02,1.02,2.05,0.00,1.02,8391daab
522,Dominic Vose,eng ENG,MF,Welling United,20,1993,16,15,1237,13.7,5,1,6,5,0,0,0,0,0.36,0.07,0.44,0.36,0.44,277f04f8
523,Tyrell Waite,eng ENG,DF,Nuneaton Town,20,1994,3,1,129,1.4,0,1,1,0,0,0,0,0,0.00,0.70,0.70,0.00,0.70,d43c21bf
524,Tyrell Waite,eng ENG,DF,Lincoln City,20,1994,6,2,161,1.8,0,0,0,0,0,0,0,0,0.00,0.00,0.00,0.00,0.00,d43c21bf
525,Josh Wakefield,eng ENG,MF,Torquay United,20,1993,10,3,329,3.7,1,0,1,1,0,0,0,0,0.27,0.00,0.27,0.27,0.27,46483541
526,Adam Walker,eng ENG,MF,Nuneaton Town,23,1991,41,29,2827,31.4,2,1,3,2,0,0,1,0,0.06,0.03,0.10,0.06,0.10,5592e8dd
527,Mitch Walker,eng ENG,GK,Dover Athletic,22,1991,20,20,1784,19.8,0,0,0,0,0,0,1,0,0.00,0.00,0.00,0.00,0.00,996f0539
528,Alex Wall,eng ENG,FW,Bristol Rovers,23,1990,5,2,202,2.2,0,0,0,0,0,0,0,0,0.00,0.00,0.00,0.00,0.00,867b467d
529,Kieran Wallace,eng ENG,DFMF,Lincoln City,19,1995,6,6,468,5.2,0,0,0,0,0,0,1,0,0.00,0.00,0.00,0.00,0.00,d83a1b10
530,Luke Waterfall,eng ENG,DFMF,Wrexham,24,1990,9,7,720,8.0,1,0,1,1,0,0,1,0,0.12,0.00,0.12,0.12,0.12,6ece557a
531,Luke Waterfall,eng ENG,DFMF,Macclesfield,24,1990,17,17,1530,17.0,2,2,4,2,0,0,2,0,0.12,0.12,0.24,0.12,0.24,6ece557a
532,Hamish Watson,nz NZL,FW,Grimsby Town,21,1993,4,0,23,0.3,0,0,0,0,0,0,0,0,0.00,0.00,0.00,0.00,0.00,4e3c7c9d
533,Sam Wedgbury,eng ENG,DFMF,Forest Green,25,1989,37,32,2905,32.3,0,1,1,0,0,0,6,0,0.00,0.03,0.03,0.00,0.03,cbcbb666
534,Curtis Weston,eng ENG,DFMF,Barnet,27,1987,46,46,3982,44.2,9,4,13,9,0,0,6,0,0.20,0.09,0.29,0.20,0.29,2a529396
535,Danny Whitaker,eng ENG,MF,Macclesfield,33,1980,29,29,2523,28.0,6,1,7,6,0,0,4,0,0.21,0.04,0.25,0.21,0.25,d8f87eb0
536,Jamie White,eng ENG,FW,Bristol Rovers,24,1989,11,5,368,4.1,0,1,1,0,0,0,0,0,0.00,0.24,0.24,0.00,0.24,c96d7084
537,Elliott Whitehouse,eng ENG,MF,Nuneaton Town,20,1993,5,5,450,5.0,0,0,0,0,0,0,1,0,0.00,0.00,0.00,0.00,0.00,14f86115
538,Aaron Wildig,wls WAL,MF,Harriers,22,1992,4,4,293,3.3,0,0,0,0,0,0,0,0,0.00,0.00,0.00,0.00,0.00,38f0d94d
539,Brett Williams,eng ENG,FW,Aldershot Town,26,1987,46,44,3850,42.8,15,2,17,11,4,4,5,0,0.35,0.05,0.40,0.26,0.30,6ff16e59
540,Jason Williams,eng ENG,FW,Welling United,18,1995,7,7,511,5.7,2,0,2,2,0,0,2,0,0.35,0.00,0.35,0.35,0.35,789e55b9
541,Mike Williams,wls WAL,DF,Altrincham,27,1986,1,1,45,0.5,0,0,0,0,0,0,0,0,0.00,0.00,0.00,0.00,0.00,17dfaecd
542,Steve Williams,eng ENG,DF,FC Halifax Town,27,1987,26,25,2289,25.4,1,1,2,1,0,0,2,0,0.04,0.04,0.08,0.04,0.08,965b0242
543,Glenn Wilson,eng ENG,DF,Aldershot Town,28,1986,42,41,3627,40.3,2,0,2,2,0,0,3,0,0.05,0.00,0.05,0.05,0.05,cce4e1d3
544,Peter Winn,eng ENG,FWMF,Chester,25,1988,12,6,547,6.1,1,1,2,1,0,0,0,0,0.16,0.16,0.33,0.16,0.33,b1a56cd6
545,Bradley Wood,eng ENG,DF,Alfreton Town,22,1991,44,44,3823,42.5,6,3,9,0,6,6,9,1,0.14,0.07,0.21,0.00,0.07,5c53becd
546,Ross Worner,eng ENG,GK,Woking,24,1989,16,16,1440,16.0,0,0,0,0,0,0,0,0,0.00,0.00,0.00,0.00,0.00,3fc7063d
547,Ben Wright,eng ENG,FW,Eastleigh,25,1988,10,1,211,2.3,1,0,1,1,0,0,1,0,0.43,0.00,0.43,0.43,0.43,b0024a4b
548,Daniel Wright,eng ENG,DFFW,Gateshead,29,1984,20,17,1521,16.9,7,1,8,5,2,2,1,0,0.41,0.06,0.47,0.30,0.36,7368f3af
549,Daniel Wright,eng ENG,DFFW,Harriers,29,1984,16,15,1288,14.3,4,2,6,4,0,0,0,0,0.28,0.14,0.42,0.28,0.42,7368f3af
550,Tom Wynter,eng ENG,DF,Dover Athletic,24,1990,25,14,1237,13.7,0,1,1,0,0,0,0,0,0.00,0.07,0.07,0.00,0.07,47aaa05d
551,Ashley Yeoman,,FW,Torquay United,22,1992,29,7,810,9.0,2,0,2,2,0,0,1,0,0.22,0.00,0.22,0.22,0.22,f506284d
552,Andy Yiadom,gh GHA,DFMF,Barnet,22,1991,41,41,3690,41.0,3,2,5,3,0,0,4,0,0.07,0.05,0.12,0.07,0.12,be950e35
553,Luke Young,eng ENG,DFMF,Torquay United,21,1993,39,38,3336,37.1,6,14,20,6,0,0,10,1,0.16,0.38,0.54,0.16,0.54,34271322
554,Aaron Howe,,,Woking,,,9,7,679,7.5,0,0,0,0,0,0,0,0,0.00,0.00,0.00,0.00,0.00,Aaron-Howe
555,Adam Farrell,,,Telford United,,,44,33,3248,36.1,5,7,12,5,0,0,7,0,0.14,0.19,0.33,0.14,0.33,Adam-Farrell
556,Adriano Moke,,,Macclesfield,,,39,31,2862,31.8,3,2,5,3,0,0,3,0,0.09,0.06,0.16,0.09,0.16,Adriano-Moke
557,Ahmed Obeng,,,Harriers,,,20,6,713,7.9,1,0,1,1,0,0,0,0,0.13,0.00,0.13,0.13,0.13,Ahmed-Obeng
558,Aidan Grant,,,Lincoln City,,,1,1,90,1.0,0,0,0,0,0,0,0,0,0.00,0.00,0.00,0.00,0.00,Aidan-Grant
559,Alan Massey,,,Braintree Town,,,46,46,4140,46.0,2,0,2,2,0,0,8,0,0.04,0.00,0.04,0.04,0.04,Alan-Massey
560,Alex Baird,,,Gateshead,,,2,2,180,2.0,0,0,0,0,0,0,0,0,0.00,0.00,0.00,0.00,0.00,Alex-Baird
561,Alex Simmons,,,Lincoln City,,,7,1,141,1.6,0,0,0,0,0,0,0,0,0.00,0.00,0.00,0.00,0.00,Alex-Simmons
562,Andy Brown,,,Nuneaton Town,,,26,25,2146,23.8,6,0,6,6,0,0,2,0,0.25,0.00,0.25,0.25,0.25,Andy-Brown
563,Andy Little,,,Woking,,,1,0,59,0.7,0,0,0,0,0,0,0,0,0.00,0.00,0.00,0.00,0.00,Andy-Little
564,Anthony Stephens,,,Wrexham,,,7,5,544,6.0,0,0,0,0,0,0,1,0,0.00,0.00,0.00,0.00,0.00,Anthony-Stephens
565,Anton Brown,,,Nuneaton Town,,,34,27,2399,26.7,0,0,0,0,0,0,6,1,0.00,0.00,0.00,0.00,0.00,Anton-Brown
566,Aristede Bassele,,,Welling United,,,22,16,1429,15.9,2,2,4,2,0,0,3,0,0.13,0.13,0.25,0.13,0.25,Aristede-Bassele
567,Barney Williams,,,Welling United,,,35,33,3032,33.7,0,3,3,0,0,0,2,0,0.00,0.09,0.09,0.00,0.09,Barney-Williams
568,Ben Mclaughlin,,,Telford United,,,7,7,558,6.2,0,0,0,0,0,0,0,0,0.00,0.00,0.00,0.00,0.00,Ben-Mclaughlin
569,Benny Igiehon,,,Alfreton Town,,,3,0,72,0.8,0,0,0,0,0,0,1,0,0.00,0.00,0.00,0.00,0.00,Benny-Igiehon
570,Blaine Hudson,,,Wrexham,,,35,35,3013,33.5,3,2,5,3,0,0,5,1,0.09,0.06,0.15,0.09,0.15,Blaine-Hudson
571,Bradley Reid,,,Telford United,,,9,8,666,7.4,1,2,3,1,0,0,2,0,0.14,0.27,0.41,0.14,0.41,Bradley-Reid
572,Caine Winfarrah,,,Grimsby Town,,,2,0,89,1.0,0,0,0,0,0,0,0,0,0.00,0.00,0.00,0.00,0.00,Caine-Winfarrah
573,Callum Gittings,,,Harriers,,,34,17,1636,18.2,2,2,4,2,0,0,3,0,0.11,0.11,0.22,0.11,0.22,Callum-Gittings
574,Callum Morris,,,Chester,,,2,0,38,0.4,0,0,0,0,0,0,0,0,0.00,0.00,0.00,0.00,0.00,Callum-Morris
575,Carl Lamb,,,Alfreton Town,,,4,2,202,2.2,0,0,0,0,0,0,0,0,0.00,0.00,0.00,0.00,0.00,Carl-Lamb
576,Charlie Gorman,,,Welling United,,,4,1,158,1.8,0,0,0,0,0,0,0,0,0.00,0.00,0.00,0.00,0.00,Charlie-Gorman
577,Charlie Joyce,,,Southport,,,32,30,2641,29.3,2,2,4,2,0,0,2,0,0.07,0.07,0.14,0.07,0.14,Charlie-Joyce
578,Charlie Penny,,,Welling United,,,13,10,830,9.2,2,0,2,2,0,0,0,0,0.22,0.00,0.22,0.22,0.22,Charlie-Penny
579,Cheyne Alexander,,,Aldershot Town,,,4,2,272,3.0,0,0,0,0,0,0,0,0,0.00,0.00,0.00,0.00,0.00,Cheyne-Alexander
580,Chez Isaac,,,Braintree Town,,,44,43,3643,40.5,3,5,8,3,0,0,6,1,0.07,0.12,0.20,0.07,0.20,Chez-Isaac
581,Chris Kinnear,,,Dover Athletic,,,27,25,2205,24.5,0,0,0,0,0,0,2,0,0.00,0.00,0.00,0.00,0.00,Chris-Kinnear
582,Chris Lever,,,Telford United,,,3,3,217,2.4,0,0,0,0,0,0,1,0,0.00,0.00,0.00,0.00,0.00,Chris-Lever
583,Christian Dibble,,,Nuneaton Town,,,10,10,930,10.3,0,0,0,0,0,0,1,0,0.00,0.00,0.00,0.00,0.00,Christian-Dibble
584,Connor Franklin,,,Nuneaton Town,,,45,45,3981,44.2,1,1,2,1,0,0,0,0,0.02,0.02,0.05,0.02,0.05,Connor-Franklin
585,Connor Robinson,,,Lincoln City,,,19,9,861,9.6,3,0,3,3,0,0,0,0,0.31,0.00,0.31,0.31,0.31,Connor-Robinson
586,Conor Mccarthy,,,Southport,,,14,4,589,6.5,1,1,2,1,0,0,2,0,0.15,0.15,0.31,0.15,0.31,Conor-Mccarthy
587,Corey Roper,,,Wrexham,,,3,0,10,0.1,0,0,0,0,0,0,0,0,0.00,0.00,0.00,0.00,0.00,Corey-Roper
588,Courtney Baker-Richardson,,,Torquay United,,,38,28,2611,29.0,3,1,4,3,0,0,7,1,0.10,0.03,0.14,0.10,0.14,Courtney-Baker-Richardson
589,Craig Baxter,,,Gateshead,,,35,33,3022,33.6,0,4,4,0,0,0,3,0,0.00,0.12,0.12,0.00,0.12,Craig-Baxter
590,Craig Hobson,,,Chester,,,35,24,1912,21.2,7,2,9,7,0,0,3,0,0.33,0.09,0.42,0.33,0.42,Craig-Hobson
591,Damien Reeves,,,Altrincham,,,45,40,3589,39.9,18,2,20,18,0,0,4,0,0.45,0.05,0.50,0.45,0.50,Damien-Reeves
592,Dan Cowan,,,Macclesfield,,,17,10,1004,11.2,0,0,0,0,0,0,4,0,0.00,0.00,0.00,0.00,0.00,Dan-Cowan
593,Dan Fitchett,,,Aldershot Town,,,22,6,755,8.4,0,1,1,0,0,0,0,0,0.00,0.12,0.12,0.00,0.12,Dan-Fitchett
594,Dan Lavercombe,,,Torquay United,,,5,5,450,5.0,0,0,0,0,0,0,0,0,0.00,0.00,0.00,0.00,0.00,Dan-Lavercombe
595,Dan Walker,,,Braintree Town,,,20,13,1169,13.0,0,0,0,0,0,0,1,0,0.00,0.00,0.00,0.00,0.00,Dan-Walker
596,Dan Walker,,,Eastleigh,,,13,1,323,3.6,2,0,2,2,0,0,2,0,0.56,0.00,0.56,0.56,0.56,Dan-Walker
597,Dane Griffiths,,,Nuneaton Town,,,4,3,249,2.8,0,1,1,0,0,0,1,0,0.00,0.36,0.36,0.00,0.36,Dane-Griffiths
598,Daniel Bradley,,,Alfreton Town,,,38,34,2984,33.2,3,1,4,2,1,1,6,0,0.09,0.03,0.12,0.06,0.09,Daniel-Bradley
599,Daniel Lincoln,,,Nuneaton Town,,,2,2,180,2.0,0,0,0,0,0,0,0,0,0.00,0.00,0.00,0.00,0.00,Daniel-Lincoln
600,Daniel Sparkes,,,Braintree Town,,,41,27,2528,28.1,10,9,19,10,0,0,1,0,0.36,0.32,0.68,0.36,0.68,Daniel-Sparkes
601,Daniel Spence,,,Eastleigh,,,36,34,3067,34.1,0,2,2,0,0,0,3,0,0.00,0.06,0.06,0.00,0.06,Daniel-Spence
602,Danny Hattersley,,,FC Halifax Town,,,19,14,1125,12.5,3,0,3,3,0,0,1,0,0.24,0.00,0.24,0.24,0.24,Danny-Hattersley
603,Danny Hattersley,,,Southport,,,16,12,1058,11.8,1,0,1,1,0,0,1,0,0.09,0.00,0.09,0.09,0.09,Danny-Hattersley
604,Danny Whitehall,,,Southport,,,3,0,55,0.6,0,0,0,0,0,0,1,0,0.00,0.00,0.00,0.00,0.00,Danny-Whitehall
605,Dave Parton,,,Altrincham,,,15,14,1286,14.3,0,0,0,0,0,0,2,0,0.00,0.00,0.00,0.00,0.00,Dave-Parton
606,David F Gonzalez,,,Macclesfield,,,11,9,671,7.5,0,0,0,0,0,0,1,0,0.00,0.00,0.00,0.00,0.00,David-F-Gonzalez
607,David Fitzpatrick,,,Southport,,,37,35,3150,35.0,2,4,6,2,0,0,1,0,0.06,0.11,0.17,0.06,0.17,David-Fitzpatrick
608,Dean Porter,,,Southport,,,1,1,90,1.0,0,0,0,0,0,0,0,0,0.00,0.00,0.00,0.00,0.00,Dean-Porter
609,Delroy Gordon,,,Nuneaton Town,,,4,2,205,2.3,0,0,0,0,0,0,1,0,0.00,0.00,0.00,0.00,0.00,Delroy-Gordon
610,Dominic Collins,,,Southport,,,33,32,2864,31.8,1,0,1,1,0,0,4,0,0.03,0.00,0.03,0.03,0.03,Dominic-Collins
611,Duane Ofori,,,Torquay United,,,30,16,1627,18.1,5,3,8,5,0,0,8,0,0.28,0.17,0.44,0.28,0.44,Duane-Ofori
612,Elliot Bradbrook,,,Dartford,,,42,42,3810,42.3,8,0,8,6,2,4,11,0,0.19,0.00,0.19,0.14,0.14,Elliot-Bradbrook
613,Elliot Wheeler,,,Nuneaton Town,,,11,11,986,11.0,0,0,0,0,0,0,1,0,0.00,0.00,0.00,0.00,0.00,Elliot-Wheeler
614,Elliott Durrell,,,Wrexham,,,27,19,1693,18.8,4,4,8,4,0,0,0,0,0.21,0.21,0.43,0.21,0.43,Elliott-Durrell
615,Gareth Dean,,,Nuneaton Town,,,35,34,3095,34.4,2,0,2,2,0,0,5,1,0.06,0.00,0.06,0.06,0.06,Gareth-Dean
616,George Pollen,,,Braintree Town,,,1,0,12,0.1,0,0,0,0,0,0,0,0,0.00,0.00,0.00,0.00,0.00,George-Pollen
617,George Thomson,,,Chester,,,8,2,216,2.4,2,0,2,2,0,0,0,0,0.83,0.00,0.83,0.83,0.83,George-Thomson
618,George Willis,,,Alfreton Town,,,4,4,360,4.0,0,0,0,0,0,0,0,0,0.00,0.00,0.00,0.00,0.00,George-Willis
619,Giuseppe Sole,,,Woking,,,44,14,1592,17.7,10,6,16,10,0,0,4,0,0.57,0.34,0.90,0.57,0.90,Giuseppe-Sole
620,Glenn Matthews,,,Telford United,,,12,8,818,9.1,0,1,1,0,0,0,4,0,0.00,0.11,0.11,0.00,0.11,Glenn-Matthews
621,Graham Hutchison,,,FC Halifax Town,,,15,15,1235,13.7,0,0,0,0,0,0,3,0,0.00,0.00,0.00,0.00,0.00,Graham-Hutchison
622,Greg Wilkinson,,,Altrincham,,,10,1,195,2.2,0,0,0,0,0,0,1,0,0.00,0.00,0.00,0.00,0.00,Greg-Wilkinson
623,Gus Mafuta,,,Nuneaton Town,,,6,6,532,5.9,0,0,0,0,0,0,1,0,0.00,0.00,0.00,0.00,0.00,Gus-Mafuta
624,Harry Osborne,,,Welling United,,,8,8,644,7.2,1,0,1,1,0,0,0,1,0.14,0.00,0.14,0.14,0.14,Harry-Osborne
625,Jack Byrne,,,Harriers,,,40,40,3440,38.2,5,3,8,5,0,0,8,0,0.13,0.08,0.21,0.13,0.21,Jack-Byrne
626,Jack Grealish,,,Telford United,,,5,4,263,2.9,0,0,0,0,0,0,1,0,0.00,0.00,0.00,0.00,0.00,Jack-Grealish
627,Jack Nardiello,,,Nuneaton Town,,,7,2,138,1.5,0,0,0,0,0,0,0,0,0.00,0.00,0.00,0.00,0.00,Jack-Nardiello
628,Jadan Hall,,,Chester,,,8,7,527,5.9,0,0,0,0,0,0,0,0,0.00,0.00,0.00,0.00,0.00,Jadan-Hall
629,Jai Reason,,,Eastleigh,,,43,42,3623,40.3,10,12,22,10,0,0,11,0,0.25,0.30,0.55,0.25,0.55,Jai-Reason
630,Jake Gallagher,,,Welling United,,,35,34,2931,32.6,3,4,7,2,1,1,8,3,0.09,0.12,0.21,0.06,0.18,Jake-Gallagher
631,Jake Green,,,Harriers,,,22,12,1160,12.9,0,0,0,0,0,0,2,0,0.00,0.00,0.00,0.00,0.00,Jake-Green
632,Jake Hibbs,,,FC Halifax Town,,,1,0,1,0.0,0,0,0,0,0,0,0,0,0.00,0.00,0.00,0.00,0.00,Jake-Hibbs
633,Jake Moult,,,Altrincham,,,41,35,3259,36.2,0,2,2,0,0,0,8,1,0.00,0.06,0.06,0.00,0.06,Jake-Moult
634,Jake Reid,,,Dover Athletic,,,19,4,502,5.6,2,0,2,2,0,0,1,0,0.36,0.00,0.36,0.36,0.36,Jake-Reid
635,James Armson,,,Nuneaton Town,,,38,30,2852,31.7,4,3,7,3,1,2,2,1,0.13,0.09,0.22,0.09,0.19,James-Armson
636,James Curtis,,,Gateshead,,,43,43,3883,43.1,0,1,1,0,0,0,4,1,0.00,0.02,0.02,0.00,0.02,James-Curtis
637,James Fry,,,Harriers,,,4,4,287,3.2,0,0,0,0,0,0,1,0,0.00,0.00,0.00,0.00,0.00,James-Fry
638,James Montgomery,,,Telford United,,,7,7,630,7.0,0,0,0,0,0,0,0,0,0.00,0.00,0.00,0.00,0.00,James-Montgomery
639,James Wren,,,Nuneaton Town,,,5,4,405,4.5,0,0,0,0,0,0,0,0,0.00,0.00,0.00,0.00,0.00,James-Wren
640,Jamie Menagh,,,Chester,,,12,3,385,4.3,0,2,2,0,0,0,0,0,0.00,0.47,0.47,0.00,0.47,Jamie-Menagh
641,Jamie Spencer,,,Harriers,,,8,1,268,3.0,0,0,0,0,0,0,0,0,0.00,0.00,0.00,0.00,0.00,Jamie-Spencer
642,Jamie Turner,,,Welling United,,,5,5,401,4.5,0,0,0,0,0,0,0,1,0.00,0.00,0.00,0.00,0.00,Jamie-Turner
643,Jasbir Singh,,,Harriers,,,1,1,90,1.0,0,0,0,0,0,0,0,0,0.00,0.00,0.00,0.00,0.00,Jasbir-Singh
644,Jaydon Gibbs,,,Aldershot Town,,,34,34,2972,33.0,1,2,3,1,0,0,4,0,0.03,0.06,0.09,0.03,0.09,Jaydon-Gibbs
645,Joe Clarke,,,Wrexham,,,43,37,3342,37.1,2,2,4,2,0,0,4,0,0.05,0.05,0.11,0.05,0.11,Joe-Clarke
646,Joe Leesley,,,Alfreton Town,,,11,1,288,3.2,0,0,0,0,0,0,2,0,0.00,0.00,0.00,0.00,0.00,Joe-Leesley
647,Joe Maybanks,,,Braintree Town,,,8,1,169,1.9,0,0,0,0,0,0,0,0,0.00,0.00,0.00,0.00,0.00,Joe-Maybanks
648,Joe Moore,,,Braintree Town,,,1,0,1,0.0,0,0,0,0,0,0,0,0,0.00,0.00,0.00,0.00,0.00,Joe-Moore
649,Joel Dixon,,,Gateshead,,,6,6,540,6.0,0,0,0,0,0,0,0,0,0.00,0.00,0.00,0.00,0.00,Joel-Dixon
650,Joel Swift,,,Altrincham,,,1,0,15,0.2,0,0,0,0,0,0,0,0,0.00,0.00,0.00,0.00,0.00,Joel-Swift
651,Joey Jones,,,Woking,,,43,37,3345,37.2,0,2,2,0,0,0,8,0,0.00,0.05,0.05,0.00,0.05,Joey-Jones
652,Joey Taylor,,,Welling United,,,2,1,128,1.4,0,0,0,0,0,0,0,0,0.00,0.00,0.00,0.00,0.00,Joey-Taylor
653,John Disney,,,Chester,,,1,1,45,0.5,0,0,0,0,0,0,1,0,0.00,0.00,0.00,0.00,0.00,John-Disney
654,John Disney,,,Telford United,,,14,11,1010,11.2,0,0,0,0,0,0,2,0,0.00,0.00,0.00,0.00,0.00,John-Disney
655,John Johnston,,,Alfreton Town,,,23,21,1673,18.6,3,4,7,3,0,0,3,0,0.16,0.22,0.38,0.16,0.38,John-Johnston
656,Johnny Lynch,,,Southport,,,6,4,337,3.7,0,0,0,0,0,0,0,0,0.00,0.00,0.00,0.00,0.00,Johnny-Lynch
657,Jon Viscosi,,,Chester,,,1,0,5,0.1,0,0,0,0,0,0,0,0,0.00,0.00,0.00,0.00,0.00,Jon-Viscosi
658,Jon Worsnop,,,Chester,,,42,42,3780,42.0,0,0,0,0,0,0,2,0,0.00,0.00,0.00,0.00,0.00,Jon-Worsnop
659,Jonathan Hedge,,,Telford United,,,18,18,1620,18.0,0,0,0,0,0,0,0,0,0.00,0.00,0.00,0.00,0.00,Jonathan-Hedge
660,Jonathan O'donnell,,,Gateshead,,,14,10,995,11.1,0,1,1,0,0,0,1,0,0.00,0.09,0.09,0.00,0.09,Jonathan-Odonnell
661,Jordan Cox,,,Braintree Town,,,35,24,2104,23.4,10,1,11,10,0,0,5,0,0.43,0.04,0.47,0.43,0.47,Jordan-Cox
662,Jordan Deacey,,,Telford United,,,15,4,516,5.7,0,1,1,0,0,0,0,0,0.00,0.17,0.17,0.00,0.17,Jordan-Deacey
663,Jordan Harrison,,,Harriers,,,1,1,50,0.6,0,0,0,0,0,0,0,0,0.00,0.00,0.00,0.00,0.00,Jordan-Harrison
664,Jordan Keane,,,Lincoln City,,,7,7,630,7.0,0,1,1,0,0,0,1,0,0.00,0.14,0.14,0.00,0.14,Jordan-Keane
665,Jordan Keane,,,Alfreton Town,,,21,16,1464,16.3,0,1,1,0,0,0,4,0,0.00,0.06,0.06,0.00,0.06,Jordan-Keane
666,Jordan Tunnicliffe,,,Harriers,,,10,10,855,9.5,0,0,0,0,0,0,2,0,0.00,0.00,0.00,0.00,0.00,Jordan-Tunnicliffe
667,Josh Green,,,Chester,,,2,0,27,0.3,0,0,0,0,0,0,0,0,0.00,0.00,0.00,0.00,0.00,Josh-Green
668,Josh Hancock,,,Telford United,,,10,4,335,3.7,0,0,0,0,0,0,0,0,0.00,0.00,0.00,0.00,0.00,Josh-Hancock
669,Josh Sunter,,,Grimsby Town,,,1,0,16,0.2,0,0,0,0,0,0,0,0,0.00,0.00,0.00,0.00,0.00,Josh-Sunter
670,Kakaa Dembele,,,Dartford,,,1,0,15,0.2,0,0,0,0,0,0,0,0,0.00,0.00,0.00,0.00,0.00,Kakaa-Dembele
671,Kane Richards,,,Chester,,,12,5,555,6.2,0,1,1,0,0,0,1,0,0.00,0.16,0.16,0.00,0.16,Kane-Richards
672,Karl Ledsham,,,Telford United,,,5,5,428,4.8,0,0,0,0,0,0,0,0,0.00,0.00,0.00,0.00,0.00,Karl-Ledsham
673,Karl Ledsham,,,Lincoln City,,,13,7,755,8.4,1,0,1,1,0,0,0,0,0.12,0.00,0.12,0.12,0.12,Karl-Ledsham
674,Kegan Everington,,,Lincoln City,,,7,5,417,4.6,0,0,0,0,0,0,2,0,0.00,0.00,0.00,0.00,0.00,Kegan-Everington
675,Kennedy Digie,,,Harriers,,,2,1,132,1.5,0,0,0,0,0,0,0,0,0.00,0.00,0.00,0.00,0.00,Kennedy-Digie
676,Kenny Davis,,,Braintree Town,,,40,35,3253,36.1,8,1,9,4,4,4,6,1,0.22,0.03,0.25,0.11,0.14,Kenny-Davis
677,Keyon Reffell,,,Harriers,,,11,4,439,4.9,0,0,0,0,0,0,2,0,0.00,0.00,0.00,0.00,0.00,Keyon-Reffell
678,Kyle Brownhill,,,Telford United,,,8,6,608,6.8,0,1,1,0,0,0,0,0,0.00,0.15,0.15,0.00,0.15,Kyle-Brownhill
679,Lawrence Gorman,,,Alfreton Town,,,1,0,26,0.3,0,0,0,0,0,0,0,0,0.00,0.00,0.00,0.00,0.00,Lawrence-Gorman
680,Lee Burns,,,Dartford,,,20,19,1487,16.5,0,0,0,0,0,0,5,1,0.00,0.00,0.00,0.00,0.00,Lee-Burns
681,Lee Hook,,,Dover Athletic,,,1,1,90,1.0,0,0,0,0,0,0,0,0,0.00,0.00,0.00,0.00,0.00,Lee-Hook
682,Lee Noble,,,Dartford,,,36,30,2663,29.6,1,7,8,1,0,0,9,0,0.03,0.24,0.27,0.03,0.27,Lee-Noble
683,Levi Ives,,,Torquay United,,,20,20,1800,20.0,0,0,0,0,0,0,1,0,0.00,0.00,0.00,0.00,0.00,Levi-Ives
684,Liam Bellamy,,,Dover Athletic,,,17,10,995,11.1,1,0,1,1,0,0,0,0,0.09,0.00,0.09,0.09,0.09,Liam-Bellamy
685,Liam Prynn,,,Torquay United,,,4,0,90,1.0,0,0,0,0,0,0,0,0,0.00,0.00,0.00,0.00,0.00,Liam-Prynn
686,Loui Fazakerley,,,Welling United,,,16,11,1042,11.6,0,0,0,0,0,0,2,0,0.00,0.00,0.00,0.00,0.00,Loui-Fazakerley
687,Luke George,,,Southport,,,39,38,3383,37.6,2,0,2,2,0,0,14,0,0.05,0.00,0.05,0.05,0.05,Luke-George
688,Malachi Hudson,,,Welling United,,,25,13,1198,13.3,1,5,6,1,0,0,2,0,0.08,0.38,0.45,0.08,0.45,Malachi-Hudson
689,Malachi Lavelle,,,Macclesfield,,,5,1,171,1.9,0,0,0,0,0,0,0,0,0.00,0.00,0.00,0.00,0.00,Malachi-Lavelle
690,Malik Ouani,,,Welling United,,,5,0,71,0.8,0,0,0,0,0,0,0,0,0.00,0.00,0.00,0.00,0.00,Malik-Ouani
691,Matt Challoner,,,Southport,,,17,14,1310,14.6,0,0,0,-1,1,1,4,0,0.00,0.00,0.00,-0.07,-0.07,Matt-Challoner
692,Matt Lock,,,Dover Athletic,,,13,13,1102,12.2,1,1,2,1,0,0,3,0,0.08,0.08,0.16,0.08,0.16,Matt-Lock
693,Matt Paine,,,Braintree Town,,,26,26,2206,24.5,1,1,2,1,0,0,6,1,0.04,0.04,0.08,0.04,0.08,Matt-Paine
694,Max Cornhill,,,Dartford,,,23,16,1476,16.4,2,0,2,2,0,0,0,0,0.12,0.00,0.12,0.12,0.12,Max-Cornhill
695,Michael Chambers,,,Welling United,,,16,15,1403,15.6,0,0,0,0,0,0,0,0,0.00,0.00,0.00,0.00,0.00,Michael-Chambers
696,Michael Mcentegart,,,Welling United,,,2,2,180,2.0,0,0,0,0,0,0,0,0,0.00,0.00,0.00,0.00,0.00,Michael-Mcentegart
697,Mike Grogan,,,Telford United,,,32,29,2571,28.6,2,0,2,2,0,0,4,0,0.07,0.00,0.07,0.07,0.07,Mike-Grogan
698,Naby Diallo,,,Aldershot Town,,,10,6,481,5.3,0,0,0,0,0,0,0,0,0.00,0.00,0.00,0.00,0.00,Naby-Diallo
699,Nat Kelly,,,Harriers,,,6,5,479,5.3,0,0,0,0,0,0,2,0,0.00,0.00,0.00,0.00,0.00,Nat-Kelly
700,Nathan Collier,,,Dartford,,,28,23,2224,24.7,0,0,0,0,0,0,3,1,0.00,0.00,0.00,0.00,0.00,Nathan-Collier
701,Nathan Hicks,,,Alfreton Town,,,15,6,516,5.7,0,0,0,0,0,0,0,0,0.00,0.00,0.00,0.00,0.00,Nathan-Hicks
702,Niall Heaton,,,Alfreton Town,,,10,6,590,6.6,0,0,0,0,0,0,2,1,0.00,0.00,0.00,0.00,0.00,Niall-Heaton
703,Nick Hamann,,,Braintree Town,,,44,44,3960,44.0,0,0,0,0,0,0,0,0,0.00,0.00,0.00,0.00,0.00,Nick-Hamann
704,Nick Rushton,,,Wrexham,,,2,0,9,0.1,0,0,0,0,0,0,0,0,0.00,0.00,0.00,0.00,0.00,Nick-Rushton
705,Nicky Clee,,,Altrincham,,,34,29,2326,25.8,7,2,9,7,0,1,4,0,0.27,0.08,0.35,0.27,0.35,Nicky-Clee
706,Olivier Gueguen,,,Torquay United,,,7,7,630,7.0,1,0,1,1,0,0,1,0,0.14,0.00,0.14,0.14,0.14,Olivier-Gueguen
707,Paul Clayton,,,Alfreton Town,,,18,8,786,8.7,3,2,5,3,0,0,1,0,0.34,0.23,0.57,0.34,0.57,Paul-Clayton
708,Reece Harris,,,Welling United,,,15,13,1155,12.8,1,0,1,1,0,0,0,0,0.08,0.00,0.08,0.08,0.08,Reece-Harris
709,Remy Clerima,,,Braintree Town,,,27,27,2350,26.1,0,0,0,0,0,0,2,0,0.00,0.00,0.00,0.00,0.00,Remy-Clerima
710,Richard Orlu,,,Dover Athletic,,,45,45,4017,44.6,1,0,1,1,0,0,7,0,0.02,0.00,0.02,0.02,0.02,Richard-Orlu
711,Rob Ramshaw,,,Gateshead,,,37,24,2365,26.3,4,2,6,4,0,0,1,0,0.15,0.08,0.23,0.15,0.23,Rob-Ramshaw
712,Rod Young,,,Welling United,,,7,3,262,2.9,0,0,0,0,0,0,2,0,0.00,0.00,0.00,0.00,0.00,Rod-Young
713,Ronnie Vint,,,Dartford,,,1,1,90,1.0,0,0,0,0,0,0,1,0,0.00,0.00,0.00,0.00,0.00,Ronnie-Vint
714,Rory Mcauley,,,Dartford,,,45,45,4080,45.3,2,1,3,2,0,0,7,0,0.04,0.02,0.07,0.04,0.07,Rory-Mcauley
715,Ross Killock,,,FC Halifax Town,,,1,1,90,1.0,0,0,0,0,0,0,0,0,0.00,0.00,0.00,0.00,0.00,Ross-Killock
716,Ross White,,,Wrexham,,,12,11,919,10.2,1,0,1,1,0,0,2,0,0.10,0.00,0.10,0.10,0.10,Ross-White
717,Ryan Hayes,,,Dartford,,,37,21,2139,23.8,5,3,8,5,0,0,1,0,0.21,0.13,0.34,0.21,0.34,Ryan-Hayes
718,Ryan Higgins,,,Chester,,,17,17,1515,16.8,1,2,3,1,0,0,1,0,0.06,0.12,0.18,0.06,0.18,Ryan-Higgins
719,Ryan Higgins,,,Telford United,,,16,16,1440,16.0,0,0,0,0,0,0,0,0,0.00,0.00,0.00,0.00,0.00,Ryan-Higgins
720,Ryan Quinn,,,Nuneaton Town,,,8,0,172,1.9,0,0,0,0,0,0,0,0,0.00,0.00,0.00,0.00,0.00,Ryan-Quinn
721,Ryan Wilson,,,Gateshead,,,6,4,362,4.0,0,1,1,0,0,0,0,0,0.00,0.25,0.25,0.00,0.25,Ryan-Wilson
722,Sahr Kabba,,,Lincoln City,,,2,0,22,0.2,0,0,0,0,0,0,0,0,0.00,0.00,0.00,0.00,0.00,Sahr-Kabba
723,Sam Berry,,,Welling United,,,10,9,846,9.4,1,0,1,1,0,0,3,0,0.11,0.00,0.11,0.11,0.11,Sam-Berry
724,Sam Corne,,,Welling United,,,33,23,2205,24.5,1,0,1,1,0,0,2,0,0.04,0.00,0.04,0.04,0.04,Sam-Corne
725,Sam Finley,,,Wrexham,,,14,11,1000,11.1,0,3,3,0,0,0,1,0,0.00,0.27,0.27,0.00,0.27,Sam-Finley
726,Sam Hillhouse,,,FC Halifax Town,,,2,0,40,0.4,0,0,0,0,0,0,0,0,0.00,0.00,0.00,0.00,0.00,Sam-Hillhouse
727,Sam Smith,,,Telford United,,,34,29,2521,28.0,7,1,8,7,0,0,4,0,0.25,0.04,0.29,0.25,0.29,Sam-Smith
728,Sean Cooke,,,Telford United,,,21,6,715,7.9,2,1,3,2,0,0,2,1,0.25,0.13,0.38,0.25,0.38,Sean-Cooke
729,Sean Francis,,,Dover Athletic,,,22,21,1945,21.6,3,2,5,3,0,0,0,0,0.14,0.09,0.23,0.14,0.23,Sean-Francis
730,Sean Marks,,,Braintree Town,,,34,23,1995,22.2,4,3,7,4,0,0,4,1,0.18,0.14,0.32,0.18,0.32,Sean-Marks
731,Sean Williams,,,Altrincham,,,32,22,1802,20.0,0,1,1,0,0,0,2,1,0.00,0.05,0.05,0.00,0.05,Sean-Williams
732,Shaun Densmore,,,Altrincham,,,29,28,2384,26.5,1,7,8,1,0,0,4,0,0.04,0.26,0.30,0.04,0.30,Shaun-Densmore
733,Simon Lenighan,,,Alfreton Town,,,9,9,741,8.2,0,0,0,0,0,0,1,0,0.00,0.00,0.00,0.00,0.00,Simon-Lenighan
734,Steve Akrigg,,,Telford United,,,18,18,1485,16.5,2,1,3,2,0,0,0,0,0.12,0.06,0.18,0.12,0.18,Steve-Akrigg
735,Steven Smith,,,Braintree Town,,,8,1,208,2.3,0,0,0,0,0,0,1,0,0.00,0.00,0.00,0.00,0.00,Steven-Smith
736,Stuart Coburn,,,Altrincham,,,33,32,2854,31.7,0,0,0,0,0,0,1,0,0.00,0.00,0.00,0.00,0.00,Stuart-Coburn
737,Tashan Francis,,,Welling United,,,3,2,197,2.2,1,0,1,1,0,0,0,0,0.46,0.00,0.46,0.46,0.46,Tashan-Francis
738,Theo Bailey,,,Wrexham,,,8,0,143,1.6,0,0,0,0,0,0,0,0,0.00,0.00,0.00,0.00,0.00,Theo-Bailey
739,Todd Jordan,,,Lincoln City,,,2,1,44,0.5,0,0,0,0,0,0,0,1,0.00,0.00,0.00,0.00,0.00,Todd-Jordan
740,Tom Bradbrook,,,Dartford,,,32,19,1806,20.1,5,1,6,5,0,0,4,0,0.25,0.05,0.30,0.25,0.30,Tom-Bradbrook
741,Tom Davies,,,Telford United,,,1,0,45,0.5,0,0,0,0,0,0,1,0,0.00,0.00,0.00,0.00,0.00,Tom-Davies
742,Tom Marshall,,,Altrincham,,,38,36,3247,36.1,2,1,3,2,0,0,6,2,0.06,0.03,0.08,0.06,0.08,Tom-Marshall
743,Tom Peers,,,Chester,,,10,1,300,3.3,1,0,1,1,0,0,0,0,0.30,0.00,0.30,0.30,0.30,Tom-Peers
744,Tony Gray,,,Telford United,,,41,36,3194,35.5,18,3,21,15,3,4,4,0,0.51,0.08,0.59,0.42,0.51,Tony-Gray
745,Tony Lee,,,Eastleigh,,,1,0,15,0.2,0,0,0,0,0,0,0,0,0.00,0.00,0.00,0.00,0.00,Tony-Lee
746,Tyrone Sterling,,,Dover Athletic,,,42,42,3704,41.2,2,3,5,2,0,0,1,1,0.05,0.07,0.12,0.05,0.12,Tyrone-Sterling
747,Wayne Riley,,,Chester,,,6,0,148,1.6,1,0,1,1,0,0,0,0,0.61,0.00,0.61,0.61,0.61,Wayne-Riley
748,Wesley York,,,Wrexham,,,40,29,2522,28.0,3,3,6,3,0,0,1,0,0.11,0.11,0.21,0.11,0.21,Wesley-York
749,Will Bailey,,,Macclesfield,,,2,1,91,1.0,0,0,0,0,0,0,0,0,0.00,0.00,0.00,0.00,0.00,Will-Bailey
750,Will Beesley,,,Southport,,,13,12,892,9.9,0,0,0,0,0,0,1,1,0.00,0.00,0.00,0.00,0.00,Will-Beesley
751,Zach Fagan,,,Welling United,,,33,26,2338,26.0,1,0,1,1,0,0,2,0,0.04,0.00,0.04,0.04,0.04,Zach-Fagan