canonical_name,divisions,venue,lat,lon,town,source,wikidata_qid,wikidata_club,check_status,check_delta_km,check_display_name
AFC Wimbledon,"EC,E3,E2",Plough Lane,51.431363888,-0.186669444,London Borough of Merton,wikidata,Q48851,AFC Wimbledon,agree,0.345,"[highway/secondary] Plough Lane, Collier's Wood, London Borough of Merton, Greater London, England, SW19 8DN, United Kingdom"
Accrington,"E3,E2",Crown Ground,53.765356,-2.370911,Hyndburn,wikidata,Q48843,Accrington Stanley F.C.,agree,0.006,"[leisure/stadium] Crown Ground, Livingstone Road, Milnshaw, Accrington, Hyndburn, Lancashire, Lancashire, England, BB5 5BX, United Kingdom"
Aldershot,"E3,EC",Recreation Ground,51.248386,-0.754789,Aldershot,wikidata,Q48862,Aldershot Town F.C.,agree,0.012,"[leisure/stadium] The Recreation Ground, Redan Road, East End, North Town, Aldershot, Rushmoor, Hampshire, England, GU12 4NH, United Kingdom"
Alfreton Town,EC,North Street,53.0945,-1.3813,Alfreton,wikidata,Q18506,Alfreton Town F.C.,agree,0.138,"[highway/residential] North Street, Alfreton CP, Amber Valley, Derbyshire, East Midlands, England, DE55 7GB, United Kingdom"
Altrincham,EC,Moss Lane,53.383436,-2.335158,Altrincham,wikidata,Q18660,Altrincham F.C.,agree,0.007,"[leisure/stadium] Moss Lane, Moss Lane, Hale, Altrincham, Trafford, Greater Manchester, England, WA15 8AP, United Kingdom"
Arsenal,E0,Emirates Stadium,51.555,-0.108333333,London Borough of Islington,wikidata,Q9617,Arsenal F.C.,agree,0.006,"[leisure/stadium] Emirates Stadium, 75, Drayton Park, Finsbury Park, London Borough of Islington, Greater London, England, N5 1BU, United Kingdom"
Aston Villa,"E0,E1",Villa Park,52.509166666,-1.884722222,Birmingham,wikidata,Q18711,Aston Villa F.C.,agree,0.022,"[leisure/stadium] Villa Park, Trinity Road, Aston, Birmingham, West Midlands, England, B6 6HE, United Kingdom"
Barnet,"E3,EC",The Hive Stadium,51.6026,-0.291785,Canons Park,wikidata,Q9408,Barnet F.C.,agree,0.770,"[untyped] Canons Park Close, Stone Grove, Harrow, London, Lambeth, England, HA8 6RL, United Kingdom"
Barnsley,"E1,E2",Oakwell,53.552222,-1.4675,Barnsley,wikidata,Q19442,Barnsley F.C.,agree,0.018,"[leisure/stadium] Oakwell Stadium, Grove Street, Oakwell, Kendray, Barnsley, South Yorkshire, England, S71 1EJ, United Kingdom"
Barrow,"EC,E3",Holker Street,54.123333333,-3.235,Barrow-in-Furness,wikidata,Q18507,Barrow A.F.C.,agree,0.015,"[leisure/stadium] Furness Building Society Stadium, Wilkie Road, Ormsgill, Barrow-in-Furness, Westmorland and Furness, England, LA14 5UW, United Kingdom"
Bath City,EC,Twerton Park,51.3787,-2.3951,Twerton,wikidata,Q368500,Bath City F.C.,agree,0.029,"[leisure/stadium] Twerton Park, High Street, Twerton, Bath, Bath and North East Somerset, West of England, England, BA2 1DB, United Kingdom"
Birmingham,"E0,E1,E2",St Andrew's,52.475702777,-1.868188888,Birmingham,wikidata,Q19444,Birmingham City F.C.,agree,0.018,"[leisure/stadium] St. Andrew's, Cattell Road, Digbeth, Sparkbrook, Birmingham, West Midlands, England, B9 4NH, United Kingdom"
Blackburn,"E0,E1,E2",Ewood Park,53.728611111,-2.489166666,Blackburn,wikidata,Q19446,Blackburn Rovers F.C.,agree,0.010,"[leisure/stadium] Ewood Park, Nuttall Street, Ewood, Blackburn, Blackburn with Darwen, Lancashire, England, BB2 4JF, United Kingdom"
Blackpool,"E0,E1,E2,E3",Bloomfield Road,53.804722,-3.048056,Blackpool,wikidata,Q19449,Blackpool F.C.,agree,0.788,"[highway/tertiary] Bloomfield Road, Marton, Blackpool, Borough of Blackpool, Lancashire, England, FY1 6SB, United Kingdom"
Bolton,"E0,E1,E2,E3",Toughsheet Community Stadium,53.580555555,-2.535555555,Horwich,wikidata,Q19451,Bolton Wanderers F.C.,agree,0.007,"[leisure/stadium] Toughsheet Community Stadium, Burnden Way, Middlebrook, Horwich, Greater Manchester, England, BL6 6LB, United Kingdom"
Boreham Wood,EC,Meadow Park,51.661944,-0.272222,Borehamwood,wikidata,Q4094837,Boreham Wood F.C.,agree,0.018,"[leisure/stadium] Meadow Park, Broughinge Road, Elstree and Borehamwood, Borehamwood, Hertsmere, Hertfordshire, England, WD6 5AL, United Kingdom"
Boston Utd,EC,York Street,52.976786,-0.019117,,wikidata,Q894605,Boston United F.C.,agree_reverse,,"York Street Stadium, York Street, Bargate, Trinity, Boston, Lincolnshire, Greater Lincolnshire, England, PE21 6JN, United Kingdom"
Bournemouth,"E2,E1,E0",Dean Court,50.735278,-1.838333,Bournemouth,wikidata,Q19568,AFC Bournemouth,agree,0.011,"[leisure/stadium] Vitality Stadium, Middleton Gardens, Littledown, Bournemouth, Bournemouth, Christchurch and Poole, England, BH7 7AF, United Kingdom"
Brackley Town,EC,"St James Park, Brackley",52.0244301,-1.1441646,Brackley,locationiq,,,agree_reverse,,"Brackley Town F.C., Churchill Way, Brackley, West Northamptonshire, England, NN13 7XY, United Kingdom"
Bradford,"E3,E2",Valley Parade,53.804222222,-1.759022222,,wikidata,Q48879,Bradford City A.F.C.,agree,0.026,"[leisure/stadium] Valley Parade, Valley Parade, Manningham, Bradford, West Yorkshire, England, BD8 7DZ, United Kingdom"
Braintree Town,EC,Cressing Road,51.875322,0.572956,Braintree,wikidata,Q18508,Braintree Town F.C.,agree_reverse,,"Iron View, The Fairveiw, Braintree, Essex, Essex, England, CM7 3DR, United Kingdom"
Brentford,"E2,E1,E0",Griffin Park,51.488167,-0.302639,Brentford,wikidata,Q19571,Brentford F.C.,agree,0.005,"[landuse/construction] Griffin Park, Brentford, Greater London, England, TW8 0NT, United Kingdom"
Brighton,"E2,E1,E0",Brighton Community Stadium,50.861822222,-0.083277777,Moulsecoomb and Bevendean,wikidata,Q19453,Brighton & Hove Albion F.C.,agree_manual,1.630,"Reverse geocode returns 'American Express Stadium, Village Way, Falmer' - the same ground under its sponsor name, against Wikidata's label 'Brighton Community Stadium'. Confirmed correct."
Bristol City,"E1,E2",Ashton Gate Stadium,51.44,-2.620278,City of Bristol,wikidata,Q19456,Bristol City F.C.,agree,0.015,"[leisure/stadium] Ashton Gate Stadium, Ashton Road, Ashton Gate, Bristol, City of Bristol, West of England, England, BS3 2EJ, United Kingdom"
Bristol Rvs,"E2,E3,EC",Memorial Stadium,51.4862,-2.58313,Horfield,wikidata,Q48925,Bristol Rovers F.C.,agree,0.008,"[leisure/stadium] Memorial Stadium, Filton Avenue, Horfield, Bristol, City of Bristol, West of England, England, BS7 0BF, United Kingdom"
Bromley,"EC,E3",Hayes Lane,51.39010278,0.02108333,Bromley,wikidata,Q1584552,Bromley F.C.,agree_reverse,,"Bromley Football Club, Hayes Lane, Widmore, London Borough of Bromley, Greater London, England, BR2 9EF, United Kingdom"
Burnley,"E1,E0",Turf Moor,53.789064,-2.230225,Burnley,wikidata,Q19458,Burnley F.C.,agree,0.041,"[club/sport] Turf Moor, Harry Potts Way, Pike Hill, Burnley, Lancashire, Lancashire, England, BB10 4BX, United Kingdom"
Burton,"E3,E2,E1",Pirelli Stadium,52.821906,-1.626958,Burton upon Trent,wikidata,Q48929,Burton Albion F.C.,agree_reverse,,"Pirelli Stadium, Princess Way, Eton Park, Stretton, East Staffordshire, Staffordshire, England, DE13 0AR, United Kingdom"
Bury,"E3,E2",Gigg Lane,53.580555555,-2.294722222,Bury,wikidata,Q19573,Bury F.C.,agree,0.013,"[leisure/stadium] Gigg Lane, Gigg Lane, Gigg, Hollins, Bury, Greater Manchester, England, BL9 9HR, United Kingdom"
Cambridge,"EC,E3,E2",Abbey Stadium,52.2114,0.153,Cambridge,wikidata,Q18509,Cambridge United F.C.,agree,0.107,"[leisure/stadium] Cledara Abbey Stadium, Newmarket Road, Barnwell, Cambridge, Cambridgeshire, Cambridgeshire and Peterborough, England, CB5 8LN, United Kingdom"
Cardiff,"E1,E0,E2",Cardiff City Stadium,51.472778,-3.203056,Cardiff,wikidata,Q18662,Cardiff City F.C.,agree,0.008,"[leisure/stadium] Cardiff City Stadium, Leckwith Road, Canton, Cardiff, Cardiff, Wales, CF11 8AZ, United Kingdom"
Carlisle,"E2,E3,EC",Brunton Park,54.89556,-2.91365,Carlisle,wikidata,Q19575,Carlisle United F.C.,agree,0.003,"[leisure/stadium] Brunton Park, Warwick Road, Kingfisher Park, Botcherby, Carlisle, Cumberland, England, CA1 1LL, United Kingdom"
Charlton,"E2,E1",The Valley,51.487489,0.035632,Charlton,wikidata,Q19462,Charlton Athletic F.C.,agree,0.127,"[leisure/stadium] The Valley, Floyd Road, Charlton, Royal Borough of Greenwich, Greater London, England, SE7 8BL, United Kingdom"
Chelsea,E0,Stamford Bridge,51.481666666,-0.191111111,Fulham,wikidata,Q9616,Chelsea F.C.,agree,0.006,"[leisure/stadium] Stamford Bridge, Britannia Gate, Walham Green, Fulham, London Borough of Hammersmith and Fulham, Greater London, England, SW6 1HD, United Kingdom"
Cheltenham,"E3,EC,E2",Whaddon Road,51.906158,-2.060211,Cheltenham,wikidata,Q48932,Cheltenham Town F.C.,agree,0.002,"[leisure/stadium] Completely-Suzuki Stadium, Whaddon Road, Lynworth, Cheltenham, Gloucestershire, England, GL52 5NA, United Kingdom"
Chester,EC,Deva Stadium,53.189181,-2.923814,Chester,wikidata,Q2041933,Chester F.C.,agree,0.023,"[leisure/stadium] Deva Stadium, Bumpers Lane, Sealand, Chester, Flintshire, Wales, CH1 4LT, United Kingdom"
Chesterfield,"E3,E2,EC",Proact Stadium,53.253442,-1.427203,Chesterfield,wikidata,Q48935,Chesterfield F.C.,agree,0.073,"[highway/bus_stop] The Proact Stadium, Sheffield Road, Whittington Moor, Tapton, Chesterfield, Derbyshire, East Midlands, England, S41 8LF, United Kingdom"
Chorley,EC,"Victory Park, Chorley",53.6455,-2.62921,Chorley,wikidata,Q18287,Chorley F.C.,agree,0.061,"[leisure/stadium] Victory Park, Duke Street, Chorley Moor, Chorley, Lancashire, Lancashire, England, PR7 3DU, United Kingdom"
Colchester,"E2,E3",Colchester Community Stadium,51.9234,0.897703,Colchester,wikidata,Q19578,Colchester United F.C.,agree,0.006,"[leisure/stadium] JobServe Community Stadium, United Way, Myland, Colchester, Essex, Essex, England, CO4 6DH, United Kingdom"
Coventry,"E1,E2,E3",Coventry Building Society Arena,52.448056,-1.495556,Coventry,wikidata,Q19580,Coventry City F.C.,agree,0.100,"[leisure/sports_centre] Coventry Building Society Arena, 71, Phoenix Way, Rowley Green, Coventry, West Midlands, England, CV6 6GE, United Kingdom"
Crawley Town,"EC,E3,E2",The Peoples Pension Stadium,51.099706,-0.194767,Crawley,wikidata,Q19584,Crawley Town F.C.,agree_reverse,,"Brighton Road, Southgate, Crawley, West Sussex, England, RH11 9RX, United Kingdom"
Crewe,"E3,E2",Alexandra Stadium,53.087419,-2.435747,Crewe,wikidata,Q19587,Crewe Alexandra F.C.,agree,0.002,"[leisure/stadium] Mornflake Stadium, Gresty Road, Crewe, Cheshire East, England, CW2 6EB, United Kingdom"
Crystal Palace,"E1,E0",Selhurst Park,51.398333333,-0.085555555,South Norwood,wikidata,Q19467,Crystal Palace F.C.,agree,0.232,"[highway/bus_stop] Selhurst Park Stadium, Whitehorse Lane, South Norwood, London Borough of Croydon, Greater London, England, SE25 6UP, United Kingdom"
Dag and Red,"E2,E3,EC",Victoria Road,51.5478,0.159867,London Borough of Barking and Dagenham,wikidata,Q48938,Dagenham & Redbridge F.C.,agree,0.029,"[leisure/stadium] Victoria Road, Bury Road, Dagenham, London Borough of Barking and Dagenham, Greater London, England, RM10 8TX, United Kingdom"
Darlington,EC,"Blackwell Meadows, Darlington",54.5092757,-1.5646902,Darlington,locationiq,,,agree_reverse,,"A66, Skerne Park, Blackwell, Darlington, Tees Valley, England, DL1 5NR, United Kingdom"
Dartford,EC,Princes Park,51.437172,0.2308,Dartford,wikidata,Q18510,Dartford F.C.,agree,0.070,"[leisure/stadium] Princes Park, Grassbanks, Brooklands, Dartford, Kent, England, DA1 1NT, United Kingdom"
Derby,"E1,E2",Pride Park Stadium,52.915,-1.447222222,Derby,wikidata,Q19470,Derby County F.C.,agree,0.009,"[leisure/stadium] Pride Park Stadium, Pride Parkway, Pride Park, Derby, Derby, East Midlands, England, DE24 8XL, United Kingdom"
Doncaster,"E1,E2,E3",Keepmoat Stadium,53.509722,-1.113889,Doncaster,wikidata,Q19589,Doncaster Rovers F.C.,agree,0.010,"[leisure/stadium] Eco-Power Stadium, Stadium Way, Lakeside Village Outlet, Lakeside, Doncaster, South Yorkshire, England, DN4 5JW, United Kingdom"
Dorking,EC,"Meadowbank Stadium, Dorking",51.234444444,-0.333472222,Dorking,wikidata,Q5298045,Dorking Wanderers F.C.,agree,0.009,"[leisure/sports_centre] Meadowbank Football Ground, Mill Lane, Dorking, Mole Valley, Surrey, England, RH4 1DX, United Kingdom"
Dover Athletic,EC,Crabble Athletic Ground,51.137814,1.284883,River,wikidata,Q2658370,Dover Athletic F.C.,agree_reverse,,"Crabble, Lewisham Road, Crabble, River, Dover, Kent, England, CT17 0UY, United Kingdom"
Eastbourne Borough,EC,Priory Lane,50.804181,0.320767,Eastbourne,wikidata,Q1278095,Eastbourne Borough F.C.,agree,0.028,"[leisure/stadium] Priory Lane, Priory Lane, Langney, Eastbourne, East Sussex, England, BN23 7QH, United Kingdom"
Eastleigh,EC,Ten Acres,50.95229444,-1.37176944,Eastleigh Town,wikidata,Q2303493,Eastleigh F.C.,agree_reverse,,"Eastleigh FC, Stoneham Lane, South Stoneham, Eastleigh, Hampshire, England, SO50 9NW, United Kingdom"
Ebbsfleet,EC,Stonebridge Road,51.449539,0.322272,Northfleet,wikidata,Q18511,Ebbsfleet United F.C.,agree,0.316,"[highway/secondary] Stonebridge Road, Northfleet, Gravesham, Kent, England, DA11 9DX, United Kingdom"
Everton,E0,Hill Dickinson Stadium,53.4250789,-3.0027851,City of Liverpool,wikidata,Q5794,Everton F.C.,agree_reverse,,"Everton FC, Regent Road, Vauxhall, Liverpool, Liverpool City Region, England, L5 9SY, United Kingdom"
Exeter,"E2,E3",St James Park,50.730713888,-3.52115,Exeter,wikidata,Q48939,Exeter City F.C.,agree,0.002,"[leisure/stadium] St James' Park, Well Street, Newtown, Exeter, Devon, Devon and Torbay, England, EX4 6QA, United Kingdom"
Fleetwood Town,"EC,E3,E2",Highbury Stadium,53.916508,-3.024728,Fleetwood,wikidata,Q48941,Fleetwood Town F.C.,agree,0.013,"[leisure/stadium] Highbury Stadium, Park Avenue, Broadwater, Fleetwood, Borough of Wyre, Lancashire, Lancashire, England, FY7 6TX, United Kingdom"
Forest Green,"EC,E3,E2",The New Lawn,51.6984,-2.233233,Nailsworth,wikidata,Q18512,Forest Green Rovers F.C.,agree,0.319,"[leisure/stadium] The New Lawn, Another Way, Forest Green, Nailsworth, Inchbrook, Gloucestershire, England, GL6 0ET, United Kingdom"
Fulham,"E0,E1",Craven Cottage,51.475,-0.221666666,Fulham,wikidata,Q18708,Fulham F.C.,agree,0.010,"[leisure/stadium] Craven Cottage, Stevenage Road, Fulham, London Borough of Hammersmith and Fulham, Greater London, England, SW6 6HH, United Kingdom"
Fylde,EC,"Mill Farm, Wesham",53.7973998,-2.8897122,Wesham,locationiq,,,agree_reverse,,"Mill Farm Sports Village, Coronation Way, Medlar-with-Wesham, Wesham, Borough of Fylde, Lancashire, Lancashire, England, PR4 3EP, United Kingdom"
Gateshead,EC,Gateshead International Stadium,54.961111111,-1.579722222,Felling,wikidata,Q18513,Gateshead F.C.,agree,0.019,"[leisure/stadium] Gateshead International Stadium, Neilson Road, Mount Pleasant, Gateshead, Tyne and Wear, North East, England, NE10 0EF, United Kingdom"
Gillingham,"E3,E2",Priestfield Stadium,51.384166666,0.560833333,Gillingham,wikidata,Q48943,Gillingham F.C.,agree,0.011,"[leisure/stadium] MEMS Priestfield Stadium, Redfern Avenue, Twydall, Gillingham, Medway, England, ME7 2BE, United Kingdom"
Grimsby,"EC,E3",Blundell Park,53.570225,-0.046497,Cleethorpes,wikidata,Q18515,Grimsby Town F.C.,agree,0.001,"[leisure/stadium] Blundell Park, Harrington Street, New Clee, Cleethorpes, North East Lincolnshire, Greater Lincolnshire, England, DN35 7PY, United Kingdom"
Guiseley,EC,Nethermoor Park,53.87717819,-1.71943057,Guiseley,wikidata,Q4132020,Guiseley A.F.C.,agree,0.012,"[leisure/stadium] Nethermoor Park, Ings Crescent, White Cross, Tranmere Park, Guiseley, Leeds, West Yorkshire, England, LS20 8DD, United Kingdom"
Halifax,EC,The Shay,53.716111,-1.859167,Halifax,wikidata,Q5214935,FC Halifax Town,agree,0.001,"[leisure/pitch] FC Halifax Town / Halifax RLFC, Skircoat Road, Shaw Hill, Woolshops, Salterhebble, Halifax, Calderdale, West Yorkshire, England, HX1 2YT, United Kingdom"
Harrogate,"EC,E3",Wetherby Road,53.991666666,-1.514444444,Harrogate,wikidata,Q2219286,Harrogate Town A.F.C.,agree,0.058,"[highway/trunk] Wetherby Road, The Saints, Hookstone, Harrogate, North Yorkshire, York and North Yorkshire, England, HG2 7SN, United Kingdom"
Hartlepool,"E2,E3,EC",Victoria Park,54.689139,-1.212722,Hartlepool,wikidata,Q19592,Hartlepool United F.C.,agree,0.010,"[leisure/stadium] Victoria Park, Clarence Road, Stranton, Hartlepool, Hartlepool, Tees Valley, England, TS24 8BZ, United Kingdom"
Havant & Waterlooville,EC,Havant & Waterlooville FC,50.8673623,-0.9740793,Havant & Waterlooville FC,locationiq,,,agree_reverse,,"West Leigh Park, Martin Road, West Leigh, Havant, Hampshire, England, PO9 5TH, United Kingdom"
Hayes & Yeading,EC,Kingfield Stadium,51.306333,-0.558811,Woking,wikidata,Q1591915,Hayes & Yeading United F.C.,agree,0.005,"[leisure/stadium] The Laithwaite Community Stadium, Westfield Avenue, Westfield, Mayford, Woking, Surrey, England, GU22 9AA, United Kingdom"
Hereford,"E3,EC",Edgar Street,52.060719,-2.717711,Hereford,wikidata,Q18516,Hereford United F.C.,agree,0.014,"[leisure/stadium] Edgar Street, Edgar Street, Widemarsh, Hereford, Herefordshire, England, HR4 9JU, United Kingdom"
Histon,EC,Bridge Road,52.242053,0.114258,Impington,wikidata,Q1387175,Histon F.C.,agree,0.590,"[highway/secondary] Bridge Road, Impington, South Cambridgeshire, Cambridgeshire, Cambridgeshire and Peterborough, England, CB24 9NS, United Kingdom"
Huddersfield,"E2,E1,E0",Kirklees Stadium,53.654166666,-1.768333333,Kirklees,wikidata,Q19473,Huddersfield Town A.F.C.,agree,0.020,"[leisure/stadium] Accu Stadium, Stadium Way, Aspley, Huddersfield, Kirklees, West Yorkshire, England, HD1 6PG, United Kingdom"
Hull,"E1,E0,E2",MKM Stadium,53.746111111,-0.367777777,Kingston upon Hull,wikidata,Q19477,Hull City A.F.C.,agree,0.013,"[leisure/stadium] MKM Stadium, The Circle, Avenues, Hull, Kingston upon Hull, Hull and East Yorkshire, England, HU3 6HU, United Kingdom"
Hyde United,EC,Ewen Fields,53.4506,-2.068114,Hyde,wikidata,Q18517,Hyde United F.C.,agree,0.026,"[leisure/stadium] Ewen Fields, Walker Lane, Godley, Hyde, Tameside, Greater Manchester, England, SK14 5PL, United Kingdom"
Ipswich,"E1,E2,E0",Portman Road,52.055,1.145277777,Ipswich,wikidata,Q9653,Ipswich Town F.C.,agree,0.080,"[highway/unclassified] Portman Road, Stoke, Ipswich, Suffolk, England, IP1 2DA, United Kingdom"
Kettering Town,EC,Nene Park,52.328033,-0.599992,Irthlingborough,wikidata,Q1513377,Kettering Town F.C.,agree,0.139,"[amenity/hospital] Kettering General Hospital - Nene Park, Sapphire Street, Crow Hill, Irthlingborough, North Northamptonshire, England, NN9 5GX, United Kingdom"
Kidderminster,EC,Aggborough,52.380472222,-2.242652777,Kidderminster,wikidata,Q18518,Kidderminster Harriers F.C.,agree,0.296,"[place/suburb] Aggborough, Kidderminster, Hoobrook, Wyre Forest, Worcestershire, England, DY10 1NL, United Kingdom"
King’s Lynn,EC,"The Walks Stadium, Kings Lynn",52.7502176,0.4074534,Kings Lynn,locationiq,,,agree_reverse,,"The Walks Stadium, Tennyson Road, Gaywood, King's Lynn, King's Lynn and West Norfolk, Norfolk, England, PE30 5PE, United Kingdom"
Leeds,"E1,E0",Elland Road,53.777777777,-1.572222222,Leeds,wikidata,Q1128631,Leeds United F.C.,agree,0.815,"[highway/residential] Elland Road, Islington, Holbeck, Leeds, West Yorkshire, England, LS11 0AF, United Kingdom"
Leicester,"E1,E0",Leicester City Stadium,52.620277777,-1.142222222,City of Leicester,wikidata,Q19481,Leicester City F.C.,agree_reverse,,"Leicester City F.C., Filbert Way, Bede Island, Leicester, City of Leicester, England, LE2 7FL, United Kingdom"
Leyton Orient,"E2,E3,EC",Brisbane Road,51.560139,-0.012639,Leyton,wikidata,Q19595,Leyton Orient F.C.,agree,0.008,"[leisure/stadium] Brisbane Road, Brisbane Road, Leyton, London Borough of Waltham Forest, Greater London, England, E10 5NF, United Kingdom"
Lincoln,"E3,EC,E2",Sincil Bank,53.218289,-0.540811,Lincoln,wikidata,Q18519,Lincoln City F.C.,agree,0.193,"[highway/pedestrian] Sincil Bank, Boultham, Bracebridge, Lincoln, Lincolnshire, Greater Lincolnshire, England, LN5 8EL, United Kingdom"
Liverpool,E0,Anfield,53.430833333,-2.960833333,Anfield,wikidata,Q1130849,Liverpool F.C.,agree,0.008,"[leisure/stadium] Anfield, Anfield Road, Anfield, Liverpool, Liverpool City Region, England, L4 0TH, United Kingdom"
Luton,"EC,E3,E2,E1,E0",Kenilworth Road,51.884166666,-0.431666666,Luton,wikidata,Q18520,Luton Town F.C.,agree,0.150,"[highway/residential] Kenilworth Road, Bury Park, Luton, Borough of Luton, England, LU1 1DL, United Kingdom"
Macclesfield,"E3,EC",Moss Rose,53.242777777,-2.127222222,Macclesfield,wikidata,Q18521,Macclesfield Town F.C.,agree,0.011,"[leisure/stadium] Moss Rose, London Road, Moss Rose, Macclesfield, Cheshire East, England, SK11 7SP, United Kingdom"
Maidenhead,EC,York Road,51.519881,-0.717989,Maidenhead,wikidata,Q1131109,Maidenhead United F.C.,agree,0.013,"[leisure/stadium] York Road, York Road, Fishery, Maidenhead, Royal Borough of Windsor and Maidenhead, England, SL6 1SF, United Kingdom"
Maidstone,EC,Gallagher Stadium,51.28,0.515833,Maidstone,wikidata,Q1764590,Maidstone United F.C.,agree,0.040,"[leisure/stadium] Maidstone United FC - Gallagher Stadium, James Whathan Way, Ringlestone, Maidstone, Kent, England, ME14 1LQ, United Kingdom"
Man City,E0,Etihad Stadium,53.483055555,-2.200277777,Manchester,wikidata,Q50602,Manchester City F.C.,agree,0.019,"[leisure/stadium] Etihad Stadium, Joe Mercer Way, Bradford, Manchester, Greater Manchester, England, M11 3FF, United Kingdom"
Man United,E0,Old Trafford,53.463055555,-2.291388888,Trafford,wikidata,Q18656,Manchester United F.C.,agree,0.006,"[leisure/stadium] Old Trafford, Munich Tunnel, Wharfside, Stretford, Trafford, Greater Manchester, England, M16 0RA, United Kingdom"
Mansfield,"EC,E3,E2",Field Mill,53.138056,-1.200556,Mansfield,wikidata,Q18522,Mansfield Town F.C.,agree,0.024,"[leisure/stadium] Field Mill, Quarry Lane, Ladybrook, Mansfield, Nottinghamshire, East Midlands, England, NG18 5DA, United Kingdom"
Middlesbrough,"E1,E0",Riverside Stadium,54.578333333,-1.216944444,Middlesbrough,wikidata,Q18661,Middlesbrough F.C.,agree,0.003,"[leisure/stadium] Riverside stadium, The Leeway, Middlehaven, Middlesbrough, Middlesbrough, Tees Valley, England, TS3 6RS, United Kingdom"
Millwall,"E1,E2",The Den,51.485833,-0.050833,Bermondsey,wikidata,Q19487,Millwall F.C.,agree,0.014,"[leisure/stadium] The Den, John Berylson Way, South Bermondsey, Bermondsey, London Borough of Lewisham, Greater London, England, SE16 3LA, United Kingdom"
Milton Keynes Dons,"E2,E1,E3",Stadium MK,52.009444,-0.733333,Milton Keynes,wikidata,Q248188,Milton Keynes Dons F.C.,agree,0.025,"[leisure/stadium] Stadium MK, V7 Saxon Street, Denbigh North, Bletchley, Milton Keynes, City of Milton Keynes, England, MK1 1ST, United Kingdom"
Morecambe,"E3,E2,EC",Globe Arena,54.0615,-2.86716,Morecambe,wikidata,Q48944,Morecambe F.C.,agree,0.008,"[leisure/stadium] Mazuma Stadium, Christie Way, Morecambe, Lancaster, Lancashire, Lancashire, England, LA4 4TB, United Kingdom"
Newcastle,"E0,E1",St James’ Park,54.975555555,-1.621666666,Newcastle upon Tyne,wikidata,Q18716,Newcastle United F.C.,agree,0.016,"[leisure/stadium] St. James' Park, Barrack Road, Grainger Town, Newcastle upon Tyne, Tyne and Wear, North East, England, NE1 4ST, United Kingdom"
Newport County,"EC,E3",Rodney Parade,51.588333,-2.987778,Newport,wikidata,Q18523,Newport County A.F.C.,agree,0.098,"[shop/ticket] Football Ticket Office, Grafton Road, Victoria, Newport, Newport, Wales, NP19 0UU, United Kingdom"
North Ferriby,EC,North Ferriby United,53.7172985,-0.5001876,North Ferriby United,locationiq,,,agree_reverse,,"North Ferriby United, Grange Lane, North Ferriby, East Riding of Yorkshire, Hull and East Yorkshire, England, HU14 3AB, United Kingdom"
Northampton,"E3,E2",Sixfields Stadium,52.235197,-0.93345,Northampton,wikidata,Q48945,Northampton Town F.C.,agree,0.011,"[leisure/stadium] Sixfields Stadium, Walter Tull Way, Briar Hill, Northampton, West Northamptonshire, England, NN5 5QA, United Kingdom"
Norwich,"E1,E0",Carrow Road,52.622222222,1.309166666,Norwich,wikidata,Q18721,Norwich City F.C.,agree,0.024,"[leisure/stadium] Carrow Road Stadium, Koblenz Avenue, Lakenham, Norwich, Norfolk, England, NR1 1JE, United Kingdom"
Nott'm Forest,"E1,E0",City Ground,52.94,-1.132778,Rushcliffe,wikidata,Q19490,Nottingham Forest F.C.,agree,0.010,"[leisure/stadium] The City Ground, Pavilion Road, Abbey Park, West Bridgford, Nottingham, Nottinghamshire, East Midlands, England, NG2 5FJ, United Kingdom"
Notts County,"E2,E3,EC",Meadow Lane,52.9425,-1.137222,City of Nottingham,wikidata,Q19598,Notts County F.C.,agree,0.201,"[highway/trunk] Meadow Lane, Sneinton, Nottingham, East Midlands, England, NG2 3HD, United Kingdom"
Nuneaton Town,EC,Liberty Way,52.5207,-1.44253,,wikidata,Q18524,Nuneaton Town F.C.,agree_manual,245.883,"Reverse geocode returns 'Eastboro Way, Attleborough, Nuneaton and Bedworth' - the Liberty Way ground fronts Eastboro Way. Coordinate is in Nuneaton. Confirmed correct."
Oldham,"E2,E3,EC",Boundary Park,53.555277777,-2.128611111,Oldham,wikidata,Q19601,Oldham Athletic A.F.C.,agree,0.019,"[leisure/stadium] Boundary Park, Furtherwood Road, Holden Fold, Royton, Greater Manchester, England, OL1 2PB, United Kingdom"
Oxford,"E3,E2,E1",Kassam Stadium,51.716419,-1.208067,Oxford,wikidata,Q48946,Oxford United F.C.,agree,0.029,"[leisure/stadium] Kassam Stadium, Grenoble Road, Littlemore, Oxford, Oxfordshire, England, OX4 4XP, United Kingdom"
Oxford City,EC,"Court Place Farm, Marsh Lane, Oxford",51.773938,-1.2277946,Oxford,locationiq,,,agree_reverse,,"The MGroup Stadium, Marsh Lane, Old Marston, Marston, Oxford, Oxfordshire, England, OX3 0NQ, United Kingdom"
Peterboro,"E2,E1",London Road Stadium,52.564694,-0.240389,City of Peterborough,wikidata,Q19495,Peterborough United F.C.,agree_reverse,,"Weston Homes Stadium, London Road, New Fletton, Peterborough, City of Peterborough, Cambridgeshire and Peterborough, England, PE2 8AL, United Kingdom"
Plymouth,"E2,E3,E1",Home Park,50.388055555,-4.150833333,Plymouth,wikidata,Q48947,Plymouth Argyle F.C.,agree,0.008,"[leisure/stadium] Home Park, Jack Leslie Way, Milehouse, Plymouth, England, PL2 3DQ, United Kingdom"
Port Vale,"E3,E2",Vale Park,53.049722,-2.1925,Burslem,wikidata,Q48948,Port Vale F.C.,agree,0.029,"[leisure/stadium] Vale Park, Hamil Road, Smallthorne, Burslem, Stoke-on-Trent, England, ST6 1DB, United Kingdom"
Portsmouth,"E1,E2,E3",Fratton Park,50.796388888,-1.063888888,Portsmouth,wikidata,Q19604,Portsmouth F.C.,agree,0.007,"[leisure/stadium] Fratton Park, Frogmore Road, Milton, Portsmouth, England, PO4 8RA, United Kingdom"
Preston,"E1,E2",Deepdale,53.772222222,-2.688055555,Preston,wikidata,Q19612,Preston North End F.C.,agree,0.033,"[leisure/stadium] Deepdale Stadium, Sir Tom Finney Way, Deepdale, Preston, Lancashire, Lancashire, England, PR1 6RU, United Kingdom"
QPR,"E1,E0",Kiyan Prince Foundation Stadium,51.509166666,-0.232222222,London,wikidata,Q18723,Queens Park Rangers F.C.,agree,0.027,"[leisure/stadium] MATRADE Loftus Road Stadium, South Africa Road, Shepherd's Bush, London Borough of Hammersmith and Fulham, Greater London, England, W12 7PA, United Kingdom"
Reading,"E1,E0,E2",Madejski Stadium,51.422222222,-0.982777777,Reading,wikidata,Q18729,Reading F.C.,agree,0.027,"[leisure/stadium] Select Car Leasing Stadium, Shooters Way, Whitley Wood, Reading, England, RG2 0FL, United Kingdom"
Rochdale,"E2,E3,EC",Spotland Stadium,53.620833,-2.18,Rochdale,wikidata,Q48949,Rochdale A.F.C.,agree,0.007,"[leisure/stadium] Crown Oil Arena, Sandy Lane, Spotland Bridge, Rochdale, Greater Manchester, England, OL11 5BA, United Kingdom"
Rotherham,"E3,E2,E1",New York Stadium,53.4279,-1.362,Rotherham,wikidata,Q48950,Rotherham United F.C.,agree,0.132,"[leisure/stadium] AESSEAL New York Stadium, New York Way, Canklow, Rotherham, South Yorkshire, England, S60 1FJ, United Kingdom"
Rushden & D,EC,Nene Park,52.328033,-0.599992,Irthlingborough,wikidata,Q1138515,Rushden & Diamonds F.C.,agree,0.139,"[amenity/hospital] Kettering General Hospital - Nene Park, Sapphire Street, Crow Hill, Irthlingborough, North Northamptonshire, England, NN9 5GX, United Kingdom"
Salford,"EC,E3",Moor Lane,53.513638888,-2.276777777,,wikidata,Q18460,Salford City F.C.,agree,0.009,"[leisure/stadium] Moor Lane, Moor Lane, Kersal, Salford, Greater Manchester, England, M7 3PT, United Kingdom"
Salisbury,EC,Raymond McEnhill Stadium,51.104339,-1.785758,Old Sarum,wikidata,Q2118564,Salisbury City F.C.,agree,0.006,"[leisure/stadium] Raymond McEnhill Stadium, Roger Way, Old Sarum, Ford, Wiltshire, England, SP4 6PU, United Kingdom"
Scunthorpe,"E1,E2,E3,EC",Glanford Park,53.586722,-0.69525,Scunthorpe,wikidata,Q19615,Scunthorpe United F.C.,agree,0.011,"[leisure/stadium] Glanford Park, KFC Drivethru, Scunthorpe, North Lincolnshire, Greater Lincolnshire, England, DN15 8TD, United Kingdom"
Sheffield United,"E1,E2,E0",Bramall Lane,53.370277777,-1.470833333,Sheffield,wikidata,Q19607,Sheffield United F.C.,agree,0.011,"[leisure/stadium] Bramall Lane, Bramall Lane, Little Sheffield, Cultural Industries Quarter, Highfield, Sheffield, South Yorkshire, England, S2 4SU, United Kingdom"
Sheffield Weds,"E2,E1",Hillsborough Stadium,53.411388888,-1.500555555,Owlerton,wikidata,Q19498,Sheffield Wednesday F.C.,agree,0.024,"[untyped] Hillsborough Stadium, Hillsborough, Sheffield, Sheffield, England, S6 1SW, United Kingdom"
Shrewsbury,"E3,E2",New Meadow,52.68863,-2.74933,Shrewsbury,wikidata,Q19626,Shrewsbury Town F.C.,agree,0.002,"[leisure/stadium] New Meadow, Oteley Road, Reabrook Estate, Shrewsbury, Shropshire, England, SY2 6ST, United Kingdom"
Solihull,EC,Damson Park,52.4389,-1.75724,West Midlands,wikidata,Q2975959,Solihull Moors F.C.,agree_reverse,,"Solihull Moors FC, Damson Parkway, Elmdon Heath, Metropolitan Borough of Solihull, West Midlands, England, B92 9EP, United Kingdom"
Southampton,"E2,E1,E0",St Mary's Stadium,50.90583333,-1.39111111,Southampton,wikidata,Q18732,Southampton F.C.,agree,0.017,"[leisure/stadium] St. Mary's Stadium, Britannia Road, Belvidere, Northam, Southampton, England, SO14 5FP, United Kingdom"
Southend,"E3,E2,EC",Roots Hall,51.549,0.701556,Southend-on-Sea,wikidata,Q48951,Southend United F.C.,agree,0.005,"[leisure/stadium] Roots Hall Stadium, Roots Hall Drive, Prittlewell, Southend-on-Sea, Essex, England, SS2 6DA, United Kingdom"
Southport,EC,Haig Avenue,53.638089,-2.978856,Southport,wikidata,Q18525,Southport F.C.,agree,0.006,"[leisure/stadium] Haig Avenue, Haig Avenue, Meols Cop, Southport, Sefton, Liverpool City Region, England, PR8 6DE, United Kingdom"
Stevenage,"E3,E2",Broadhall Way,51.889839,-0.193608,Stevenage,wikidata,Q9426,Stevenage F.C.,agree,0.023,"[leisure/stadium] Stevenage Football Club, Broadhall Way, Roebuck, Stevenage, Hertfordshire, England, SG2 8RH, United Kingdom"
Stockport,"E3,EC,E2",Edgeley Park,53.399722222,-2.166388888,Stockport,wikidata,Q18526,Stockport County F.C.,agree,0.011,"[leisure/stadium] Edgeley Park Stadium, Hardcastle Road, Shaw Heath, Stockport, Greater Manchester, England, SK3 9DD, United Kingdom"
Stoke,"E0,E1",Britannia Stadium,52.988333333,-2.175555555,City of Stoke-on-Trent,wikidata,Q18736,Stoke City F.C.,agree,0.015,"[untyped] bet365 Stadium, Stanley Matthews Way, Stoke-On-Trent, City of Stoke-on-Trent, England, ST4 4EG, United Kingdom"
Sunderland,"E0,E1,E2",Stadium of Light,54.914429068,-1.388172971,Sunderland,wikidata,Q18739,Sunderland A.F.C.,agree,0.007,"[leisure/stadium] Stadium of Light, Vaux Brewery Way, Millfield, Sunderland, North East, England, SR5 1SN, United Kingdom"
Sutton,"EC,E3",Gander Green Lane,51.3675,-0.204444444,London Borough of Sutton,wikidata,Q2454929,Sutton United F.C.,agree_reverse,,"Sutton United FC, Sydney Road, Benhilton, London Borough of Sutton, Greater London, England, SM1 2RD, United Kingdom"
Swansea,"E1,E0",Liberty Stadium,51.6422,-3.9351,Swansea,wikidata,Q18659,Swansea City A.F.C.,agree,0.072,"[leisure/stadium] Swansea.com Stadium, Brunel Way, Plasmarl, Swansea, Swansea, Wales, SA1 2FA, United Kingdom"
Swindon,"E2,E3",County Ground,51.564444,-1.770556,South Swindon,wikidata,Q19634,Swindon Town F.C.,agree,0.029,"[leisure/stadium] The Nigel Eady County Ground, County Road, Walcot West, Swindon, Swindon, England, SN1 2ED, United Kingdom"
Tamworth,EC,The Lamb Ground,52.628403,-1.688925,Tamworth,wikidata,Q18527,Tamworth F.C.,agree,0.024,"[leisure/stadium] Tamworth FC, The Lamb Ground, Tamworth, Staffordshire, England, B77 1AA, United Kingdom"
Telford United,EC,SEAH Stadium,52.697272,-2.501336,Telford,wikidata,Q18505,AFC Telford United,agree_reverse,,"New Bucks Head, Watling Street, Arleston, Wellington, Telford and Wrekin, England, TF1 2NJ, United Kingdom"
Torquay,"E3,EC",Plainmoor,50.476408,-3.523825,Torquay,wikidata,Q47965,Torquay United F.C.,agree,0.023,"[leisure/stadium] Plainmoor, Warbro Road, Ellacombe, Torquay, Torbay, Devon and Torbay, England, TQ1 3PT, United Kingdom"
Tottenham,E0,Tottenham Hotspur Stadium,51.604444444,-0.066388888,Tottenham,wikidata,Q18741,Tottenham Hotspur F.C.,agree,0.033,"[leisure/stadium] Tottenham Hotspur Stadium, Paxton Terrace, London Borough of Haringey, Greater London, England, N17 0BX, United Kingdom"
Tranmere,"E2,E3,EC",Prenton Park,53.373722,-3.0325,Birkenhead,wikidata,Q19637,Tranmere Rovers F.C.,agree,0.009,"[leisure/stadium] Prenton Park, Prenton Road West, Egerton Park, Birkenhead, Wirral, Liverpool City Region, England, CH42 9PY, United Kingdom"
Truro,EC,Bolitho Park,50.408357,-4.146996,,wikidata,Q4392059,Truro City F.C.,agree,0.068,"[leisure/pitch] Bolitho Park, St Peters Road, Manadon, Crownhill, Plymouth, England, PL5 3JF, United Kingdom"
Walsall,"E2,E3",Bescot Stadium,52.565433,-1.990706,Bescot,wikidata,Q19644,Walsall F.C.,agree,0.016,"[leisure/stadium] Poundland Bescot Stadium, Bescot Crescent, Bescot, Darlaston, West Midlands, England, WS1 4SA, United Kingdom"
Watford,"E1,E0",Vicarage Road,51.649928,-0.401606,Watford,wikidata,Q2714,Watford F.C.,agree,0.116,"[highway/primary] Vicarage Road, Holywell Estate, Watford, Hertfordshire, England, WD18 0EY, United Kingdom"
Wealdstone,EC,"Wealdstone FC, Ruislip",51.5694129,-0.4166186,Ruislip,locationiq,,,agree_reverse,,"Wealdstone FC, Cranley Drive, London Borough of Hillingdon, Greater London, England, HA4 6JQ, United Kingdom"
Welling United,EC,Park View Road,51.460317,0.116514,London Borough of Bexley,wikidata,Q955872,Welling United F.C.,agree,0.005,"[leisure/sports_centre] Park View Road, Roseacre Road, Crook Log, Welling, London Borough of Bexley, Greater London, England, DA16 2AD, United Kingdom"
West Brom,"E0,E1",The Hawthorns,52.509166666,-1.963888888,West Bromwich,wikidata,Q18744,West Bromwich Albion F.C.,agree,0.015,"[leisure/stadium] The Hawthorns, Birmingham Road, West Bromwich, Sandwell, West Midlands, England, B71 4LF, United Kingdom"
West Ham,"E0,E1",London Stadium,51.538611111,-0.016388888,Stratford,wikidata,Q18747,West Ham United F.C.,agree,0.016,"[leisure/stadium] London Stadium, Gate 2 Road, Stratford, London Borough of Newham, Greater London, England, E20 2ST, United Kingdom"
Weymouth,EC,Bob Lucas Stadium,50.619906,-2.485203,Weymouth,wikidata,Q599356,Weymouth F.C.,agree,0.062,"[leisure/stadium] Bob Lucas Stadium, Hampshire Road, Chickerell, Weymouth, Dorset, England, DT4 9XD, United Kingdom"
Wigan,"E0,E1,E2",Q494388,53.547778,-2.653889,Wigan,wikidata,Q18750,Wigan Athletic F.C.,agree_reverse,,"The Brick Community Stadium, Loire Drive, Robin Park, Newtown, Wigan, Greater Manchester, England, WN5 0UZ, United Kingdom"
Woking,EC,Kingfield Stadium,51.306333,-0.558811,Woking,wikidata,Q18528,Woking F.C.,agree,0.005,"[leisure/stadium] The Laithwaite Community Stadium, Westfield Avenue, Westfield, Mayford, Woking, Surrey, England, GU22 9AA, United Kingdom"
Wolves,"E0,E1,E2",Molineux Stadium,52.590277777,-2.130277777,Wolverhampton,wikidata,Q19500,Wolverhampton Wanderers F.C.,agree,0.009,"[leisure/stadium] Molineux Stadium, Waterloo Road, Wolverhampton, West Midlands, England, WV1 4QR, United Kingdom"
Wrexham,"EC,E3,E2,E1",Racecourse Ground,53.051944,-3.003611,,wikidata,Q18529,Wrexham A.F.C.,agree,0.014,"[leisure/stadium] Racecourse Ground, Mold Road, Plas Coch, Rhosddu, Stansty, Wrexham, Wrexham, Wales, LL11 2AH, United Kingdom"
Wycombe,"E3,E2,E1",Adams Park,51.630555555,-0.800277777,High Wycombe,wikidata,Q48953,Wycombe Wanderers F.C.,agree,0.016,"[leisure/stadium] Adams Park, Hillbottom Road, Sands, High Wycombe Community Board, High Wycombe, Buckinghamshire, England, HP12 4HJ, United Kingdom"
Yeovil,"E2,E1,E3,EC",Huish Park,50.950278,-2.674881,Yeovil,wikidata,Q19651,Yeovil Town F.C.,agree,0.058,"[leisure/stadium] Huish Park, Lufton Way, Brympton, Somerset, England, BA22 8YF, United Kingdom"
York,"EC,E3",York Community Stadium,53.984347636,-1.052935385,City of York,wikidata,Q48954,York City F.C.,agree,0.002,"[untyped] LNER Community Stadium, Kathryn Avenue, Huntington, York, England, YO31 9DY, United Kingdom"
